x,y,abs_error_t71
1.8311099,38.687588,0.01222533
2.074575,38.61109,0.02355653
2.3180404,38.53459,0.024645269
2.5615056,38.458096,0.020807147
1.993373,38.8901,0.041392922
2.2464602,38.80496,0.04001242
2.4995472,38.719814,0.03992206
2.17488,39.07532,0.026091278
2.4375892,38.981537,0.039667368
2.3756309,39.24326,0.0043163896
1.4549216,37.968254,0.081409335
1.7320184,37.959023,0.056247056
2.0091152,37.949795,0.029972255
2.286212,37.940563,0.015641093
1.5621117,38.218517,0.0910337
1.8483115,38.204044,0.02455306
2.1345112,38.18957,0.00024539232
1.6875077,38.458294,0.03746289
1.9828106,38.43858,0.0072543025
6.447986,38.965843,0.038488925
6.6878014,39.15118,0.006619394
6.9276166,39.336517,0.028453171
7.167432,39.521854,0.0685876
6.282333,39.28026,0.02172041
6.5301204,39.48429,0.02136767
6.777908,39.68832,0.055605948
6.116679,39.59467,0.00461334
6.372439,39.817398,0.0357157
5.951026,39.909084,0.009644568
7.1331334,38.76385,0.018033743
7.450928,38.849033,0.0312891
7.768723,38.934216,0.042292655
8.086518,39.019398,0.042446077
7.144566,39.01652,0.010206997
7.462616,39.10311,0.003997624
7.7806654,39.189705,0.0330379
7.1559987,39.269188,0.034733534
7.4743032,39.357193,0.070967495
8.828586,38.68565,0.03530729
8.578567,38.79061,0.021517932
8.33121,38.90186,0.043999255
8.630538,38.502308,0.027710676
8.381851,38.610413,0.034795403
8.135827,38.724808,0.049713075
8.432491,38.318966,0.030408263
8.185135,38.430214,0.035116732
8.234444,38.135624,0.027083337
8.861869,37.984898,0.039128542
9.05914,38.085526,0.04308325
9.256412,38.186153,0.035815
9.453683,38.28678,0.036163628
8.850775,38.218483,0.035199225
9.053646,38.328793,0.028987944
9.256516,38.439106,0.029020846
8.83968,38.452065,0.023484945
9.048151,38.57206,0.02503246
3.2379718,39.719036,0.03776419
2.9353228,39.58808,0.029092073
2.6478758,39.42949,0.03145826
3.2805686,39.388187,0.00016105175
2.9855206,39.243416,0.02548492
2.7056746,39.071003,0.051069558
3.3231654,39.057343,0.038102925
3.0357187,38.89875,0.05701047
3.3657625,38.726494,0.020126522
4.1614065,38.9873,0.020489573
4.279971,39.32223,0.047362626
4.3985353,39.657166,0.0831002
4.5171,39.992096,0.10900992
3.8535948,39.231213,0.010374606
3.9660122,39.58669,0.0594213
4.0784297,39.942165,0.10153049
3.5457833,39.475124,0.025628984
3.6520536,39.851143,0.07182121
5.477366,39.97626,0.03163749
4.999391,40.003933,0.10709411
5.7606454,39.515438,0.03854078
5.284828,39.562862,0.072356105
4.804695,39.570778,0.088596225
5.5702653,39.12179,0.06724489
5.09229,39.14946,0.07908869
5.379885,38.728146,0.0731644
1.1737292,36.94111,0.18598974
1.4947075,37.00582,0.12901825
1.8156857,37.070534,0.06648362
2.1366642,37.135246,0.03435737
1.2398866,37.29027,0.18176538
1.5746516,37.351593,0.102614164
1.9094166,37.412914,0.042444944
1.3336174,37.632652,0.15212768
1.6821691,37.690586,0.07441181
9.326107,37.456306,0.06510949
9.599195,37.529343,0.07180816
9.872282,37.60238,0.07963735
10.14537,37.67542,0.07076532
9.368632,37.73313,0.06131071
9.642258,37.805965,0.06558037
9.915883,37.8788,0.074950516
9.411158,38.009956,0.05218029
9.685321,38.082584,0.05777365
11.564095,36.468864,0.03883767
11.494565,36.253357,0.08273715
11.4250345,36.03785,0.10764408
11.355504,35.822342,0.11674917
11.735493,36.345623,0.04897806
11.667287,36.13195,0.095960975
11.599081,35.918278,0.12560034
11.909539,36.22605,0.07069981
11.842658,36.014214,0.11615938
12.086235,36.11015,0.10335499
2.1219835,35.912125,0.1268593
1.8058988,36.25512,0.13742507
1.4898139,36.598114,0.14858902
1.7350696,35.79215,0.16209286
1.4223251,36.134678,0.17632377
1.1095805,36.47721,0.2000376
1.3481557,35.672176,0.18485075
1.0387514,36.01424,0.20466709
0.9612417,35.5522,0.19978148
9.966084,36.761005,0.084848344
10.282975,36.847897,0.085152626
10.599866,36.934788,0.078588545
10.916758,37.021683,0.06060499
10.025846,37.065807,0.086327314
10.344675,37.155262,0.077473044
10.663505,37.24472,0.05828637
10.085608,37.370613,0.08021712
10.406375,37.46263,0.060171127
10.833222,36.774853,0.07965118
10.749686,36.528023,0.09059906
10.666151,36.281197,0.09722704
11.128115,36.831535,0.044012934
11.04679,36.587643,0.07771486
10.965466,36.34375,0.096984684
11.343894,36.647263,0.036007404
11.26478,36.406307,0.07892811
12.52616,35.69359,0.08627078
12.388285,35.843197,0.087353736
12.241643,35.98205,0.10646221
12.307179,35.604115,0.08043334
12.164921,35.748344,0.098076105
12.013896,35.88182,0.10771465
12.0882,35.51464,0.0925495
11.941558,35.653492,0.10867357
11.869219,35.425167,0.089806736
2.0759482,34.463024,0.13552433
1.7043794,34.82608,0.15675849
1.3328105,35.18914,0.181571
1.6320688,34.238457,0.1657325
1.2548895,34.602432,0.18568593
0.8777102,34.966408,0.19478214
1.1881893,34.013893,0.18517369
0.8053996,34.378784,0.18755555
0.74430984,33.789326,0.16995215
13.059776,35.122444,0.040760607
12.878378,35.308624,0.046034425
12.700506,35.499004,0.05466351
12.815469,35.037327,0.049462408
12.635834,35.22561,0.054295182
12.459724,35.41809,0.06425691
12.571161,34.95221,0.05183953
12.39329,35.14259,0.060691476
12.326854,34.867092,0.051747322
2.166426,32.728203,0.0716334
1.6923873,33.081913,0.113049746
1.2183486,33.43562,0.15108007
1.6512784,32.432735,0.09664935
1.1706712,32.78705,0.13738
0.6900641,33.141365,0.11050224
1.1361307,32.137264,0.15456724
0.6489551,32.492188,0.112797916
0.62098294,31.841797,0.122506976
12.921279,34.1687,0.027963221
13.2176,34.242,0.03238377
13.513921,34.3153,0.03521985
13.810242,34.3886,0.035865635
12.967444,34.486618,0.034658343
13.263388,34.55922,0.030403495
13.559331,34.631824,0.020356745
13.01361,34.80453,0.040946394
13.3091755,34.87644,0.027825087
13.591622,33.38472,0.022936165
13.933412,33.445305,0.027653694
14.275202,33.50589,0.018004924
14.616991,33.56648,0.012494206
13.664495,33.719345,0.043365955
14.007419,33.781197,0.047141552
14.350342,33.843044,0.008543223
13.737369,34.053974,0.05491385
14.081426,34.117085,0.04096803
14.400628,32.71706,0.014372647
14.700843,32.77092,0.03216827
15.001058,32.824783,0.048192054
15.301272,32.878647,0.05854565
14.472749,33.0002,0.017309815
14.771416,33.052834,0.02782771
15.070083,33.10547,0.027540594
14.54487,33.283337,0.0094151795
14.8419895,33.334747,0.00090169907
2.199348,30.855951,0.047813475
1.6732264,31.184566,0.086624324
1.1471046,31.513182,0.14634389
1.670961,30.533825,0.0966329
1.1384655,30.86253,0.16052908
0.60597,31.191233,0.1425175
1.142574,30.211699,0.16705966
0.6037047,30.540491,0.147757
0.6141869,29.889572,0.15705901
15.138894,32.214714,0.05516565
15.37001,32.272934,0.06730789
15.601127,32.331158,0.07713038
15.832242,32.38938,0.093165696
15.19302,32.436024,0.05702138
15.42317,32.4934,0.06630278
15.65332,32.550777,0.07420164
15.247147,32.657333,0.058355987
15.47633,32.713863,0.06572005
15.649534,31.891598,0.080053985
15.833046,31.91312,0.09276712
16.016558,31.934645,0.099203825
16.20007,31.95617,0.10217512
15.710437,32.057526,0.091018856
15.90054,32.084446,0.09999943
16.090645,32.111366,0.11465269
15.771339,32.223454,0.08946252
15.968035,32.255768,0.09299135
2.2797499,28.991318,0.06627554
1.7245623,29.290735,0.103471756
1.1693746,29.590153,0.16999763
1.7599926,28.64095,0.11338371
1.198614,28.93994,0.1714263
0.6372354,29.23893,0.1680196
1.2402353,28.290583,0.17298865
0.6726658,28.589144,0.16935581
0.72047794,27.940216,0.16336071
16.072948,31.767452,0.090079546
15.945827,31.578735,0.07988006
15.818705,31.39002,0.05936122
16.312374,31.782137,0.096179664
16.185835,31.594013,0.0832364
16.059298,31.40589,0.07440621
16.425846,31.609291,0.08376944
16.29989,31.42176,0.07338083
16.540483,31.437632,0.0785473
2.4302886,27.107105,0.012187302
1.8603517,27.38481,0.05702001
1.2904148,27.662512,0.12720251
1.9325256,26.73807,0.026189208
1.356562,27.014824,0.023411095
0.7805984,27.291578,0.0024523735
1.4347628,26.369036,0.051938474
0.8527724,26.64484,0.011622667
0.937,26.0,0.07338798
16.958448,30.716629,0.05725509
16.825024,30.960714,0.0660305
16.685701,31.201048,0.07094079
16.665253,30.70676,0.047928035
16.52888,30.948969,0.05408895
16.386608,31.187428,0.062610805
16.372057,30.696892,0.042013586
16.232735,30.937225,0.050688267
16.078861,30.687023,0.03640002
2.6549435,25.223146,0.029783368
2.0822957,25.482098,0.040683568
1.5096478,25.741049,0.072996855
2.188097,24.841393,0.03187281
1.6106178,25.099352,0.05719775
1.0331384,25.357311,0.06350303
1.7212508,24.459639,0.06320405
1.1389399,24.716606,0.010663092
1.2544043,24.077885,0.015493989
16.421799,29.755676,0.0011871457
16.779427,29.748188,0.011193693
17.137056,29.7407,0.01178962
17.494684,29.733212,0.013158828
16.600681,30.075993,0.024702609
16.956474,30.067392,0.029411674
17.312267,30.058792,0.008400142
16.779564,30.39631,0.038402617
17.133522,30.386599,0.040919185
3.0792994,20.171354,0.059663177
2.7153385,20.300205,0.06295979
2.3513775,20.429056,0.05955118
1.9874164,20.557907,0.0842306
2.8016775,19.89823,0.08303976
2.4381468,20.02715,0.091930926
2.0746162,20.156069,0.12139499
2.5240557,19.625105,0.10008043
2.1609554,19.754093,0.11487007
2.2464337,19.35198,0.10926771
2.8843775,23.369287,0.094178796
2.3410532,23.605486,0.09728682
1.7977288,23.841686,0.08286744
2.4684913,22.972748,0.09954125
1.9225723,23.208395,0.1059584
1.3766532,23.444044,0.042654335
2.0526052,22.576206,0.06811857
1.5040914,22.811304,0.040141404
1.6367188,22.179667,0.004320085
3.0128005,21.665962,0.028841913
2.5541067,21.837196,0.025436342
2.0954127,22.008432,0.007940531
2.6710057,21.29661,0.0022400618
2.2118933,21.467733,0.0037928224
1.7527809,21.638857,0.02979958
2.329211,20.92726,0.014242351
1.8696802,21.09827,0.024609268
3.0781326,19.06455,0.12370771
2.8008997,19.16036,0.117156684
2.5236669,19.25617,0.10876417
2.8637395,18.86126,0.11642414
2.5862007,18.957045,0.1125738
2.3086617,19.05283,0.102552
2.6493464,18.657967,0.108122766
2.3715014,18.753729,0.10933888
2.4349532,18.454676,0.106362104
2.4876964,18.216167,0.11003554
2.5571673,17.983292,0.09477842
2.643366,17.756048,0.07712054
2.65789,18.412807,0.10177153
2.718997,18.177116,0.088864565
2.7968318,17.947056,0.070004106
2.8808267,18.370941,0.09006244
2.9502976,18.138065,0.071121156
3.1037633,18.329073,0.08168912
16.894823,28.543072,0.060109854
17.358011,28.512974,0.041200817
17.821198,28.482878,0.022788823
18.284386,28.45278,0.009699404
17.094778,28.939785,0.022524238
17.562815,28.912497,0.007096112
18.030853,28.885208,0.011292815
17.294731,29.336498,0.0047106147
17.767618,29.31202,0.012488484
2.758639,17.512957,0.07775152
2.872948,17.269396,0.05666876
2.9862928,17.025364,0.033919513
2.9343457,17.760855,0.058459997
3.0491366,17.517529,0.049856484
3.1629636,17.273731,0.043586075
3.2253256,17.765661,0.052164316
3.3396344,17.5221,0.0485093
3.5163052,17.770468,0.05516982
17.431309,27.009161,0.11105555
17.985912,26.940346,0.07770038
18.540514,26.87153,0.017914772
19.095118,26.802715,0.058427036
17.715668,27.490368,0.0798859
18.27424,27.423737,0.043703258
18.832813,27.357107,0.010535955
18.000027,27.971573,0.046196103
18.562569,27.90713,0.019170523
3.1318502,16.69378,0.036266983
3.2879746,16.367384,0.038409114
3.454666,16.04617,0.04102969
3.3697913,17.008385,0.03495431
3.520632,16.679396,0.03917414
3.68204,16.355589,0.044171333
3.7532897,16.991407,0.03135425
3.909414,16.665009,0.037020802
4.1367884,16.974428,0.023646474
19.900255,25.199503,0.15565139
19.612156,24.829296,0.105890036
19.324057,24.459091,0.05815041
19.035957,24.088886,0.020573378
20.10933,24.771168,0.15155768
19.81634,24.398634,0.09503454
19.52335,24.026098,0.048887968
20.308622,24.338175,0.11473441
20.010742,23.963312,0.072520435
20.498135,23.900524,0.079024196
18.220798,25.420376,0.06931454
18.780617,25.346752,0.011415064
19.340437,25.273127,0.085268974
18.512238,25.881155,0.028136134
19.070036,25.806412,0.05587268
19.627832,25.731668,0.13108104
18.803679,26.341936,0.017066658
19.359453,26.266073,0.086144805
4.1849303,14.782154,0.06307775
4.4284515,15.157156,0.06466997
4.671973,15.532158,0.06332064
4.9154944,15.907159,0.057239234
3.935175,15.199855,0.05856037
4.1818633,15.576675,0.06086105
4.4285517,15.953496,0.057801366
3.6917536,15.621193,0.050810337
3.9416087,15.999833,0.050201297
20.261969,23.594294,0.063345134
20.025803,23.288061,0.03722948
19.789637,22.98183,0.0071997643
20.667843,23.588467,0.07796419
20.432922,23.283232,0.065808
20.198,22.977997,0.041070282
20.84004,23.2784,0.09269267
20.606363,22.974161,0.07868481
21.014727,22.970325,0.122496665
5.746736,14.715966,0.044376194
5.2261343,14.738029,0.06402755
4.705532,14.760092,0.071721554
5.528395,14.267434,0.079500675
5.003923,14.287075,0.086441934
4.4794507,14.306716,0.07542187
5.3100543,13.818902,0.09944171
4.781712,13.836121,0.086915195
5.091714,13.37037,0.096762
6.402071,13.388434,0.08518499
5.9652853,13.382413,0.10403389
5.5284996,13.376391,0.10876709
6.2493963,12.980816,0.108787835
5.8098593,12.972907,0.114949286
5.3703227,12.964998,0.103319824
6.096721,12.573198,0.11840844
5.6544333,12.563401,0.107999444
5.944046,12.16558,0.10915285
6.1626697,11.872422,0.11164194
6.3841157,11.581364,0.1253146
6.608384,11.292405,0.12438285
6.29282,12.230606,0.119357765
6.5128546,11.9384985,0.12087762
6.735712,11.64849,0.124572754
6.6415935,12.295633,0.114061534
6.8630395,12.004575,0.11322069
6.990367,12.36066,0.09881413
21.354822,21.976885,0.11886585
21.263784,22.31777,0.122632444
21.15042,22.648916,0.120607674
20.999828,22.01679,0.10154784
20.897629,22.352806,0.100901484
20.7731,22.679085,0.09223896
20.644836,22.056696,0.085401475
20.531471,22.387844,0.07605463
20.289843,22.096603,0.0660454
7.113325,10.65193,0.113153994
7.2484484,10.918311,0.10761505
7.383572,11.184692,0.103414595
7.518696,11.451073,0.09437305
6.9458117,10.865777,0.109871864
7.0805354,11.131981,0.111626744
7.2152586,11.398184,0.107868254
6.7774982,11.079268,0.1211226
6.9118214,11.345294,0.12029737
20.60423,21.081722,0.032360673
20.955902,20.98915,0.050204217
21.307573,20.896576,0.08233166
21.659243,20.804003,0.12199557
20.854427,21.38011,0.058977604
21.20197,21.286026,0.07751304
21.549511,21.191942,0.10427803
21.104624,21.678497,0.09302747
21.448036,21.582903,0.10360885
7.255689,10.428331,0.106877506
7.3928504,10.2002125,0.10297704
7.52481,9.967575,0.0868727
7.3830104,10.672556,0.10814214
7.5227733,10.446697,0.103811264
7.657334,10.216319,0.09242433
7.652696,10.693181,0.09708464
7.789858,10.465063,0.087353885
7.9223814,10.713807,0.07778752
21.949673,19.762985,0.19586742
21.868174,20.114244,0.19546819
21.771364,20.46125,0.15897894
21.596424,19.851046,0.15474677
21.507269,20.20018,0.1411627
21.402803,20.545057,0.10825944
21.243174,19.939108,0.111641765
21.146364,20.286114,0.091685414
20.889923,20.02717,0.07455969
8.279898,10.064376,0.04981309
8.028202,10.032109,0.061157048
7.776506,9.999842,0.07898623
8.221829,9.7537365,0.051574886
7.9626966,9.7155905,0.062306345
7.703564,9.6774435,0.06963724
8.163761,9.443097,0.05282259
7.8971915,9.399072,0.049305737
8.105693,9.132458,0.03901702
21.218636,19.19501,0.08111197
21.47775,19.062181,0.09936428
21.736866,18.929354,0.12012488
21.995981,18.796526,0.1482374
21.462315,19.384335,0.11545104
21.733776,19.252008,0.13768631
22.005236,19.11968,0.15454608
21.705994,19.57366,0.15498531
21.9898,19.441833,0.17803079
8.3881,8.8413105,0.020183146
8.68257,8.5621195,0.009163439
8.989104,8.294884,0.03782767
8.472286,9.319877,0.03781587
8.760725,9.034707,0.017324626
9.061227,8.761494,0.008124113
8.83888,9.507296,0.01860255
9.133349,9.228104,0.0023455024
9.205472,9.694715,0.0042877793
21.030516,18.234673,0.048930526
21.340664,18.020031,0.06491166
21.650812,17.80539,0.08524513
21.960958,17.590748,0.11732113
21.352337,18.421957,0.07478535
21.663538,18.207031,0.09780133
21.97474,17.992105,0.13000089
21.67416,18.609241,0.10680634
21.986412,18.394032,0.13831091
10.384088,8.805652,0.031216025
9.919093,8.635396,0.019876778
9.454099,8.465139,0.020209074
10.309112,8.309073,0.024707854
9.840928,8.135521,0.02570343
9.3727455,7.961969,0.04538226
10.234136,7.8124943,0.020817041
9.762763,7.635646,0.028920531
10.159159,7.3159156,0.026795149
20.744534,16.838081,0.035648882
21.124409,16.54849,0.0017388463
21.504282,16.2589,0.09034914
21.884157,15.969309,0.16772175
21.15001,17.08897,0.0012696385
21.531736,16.799046,0.05736214
21.913462,16.50912,0.14344311
21.555485,17.339859,0.058415174
21.939062,17.0496,0.10232705
11.735447,7.8928814,0.06945044
11.210017,7.7005596,0.04942119
10.684588,7.5082374,0.028956115
11.706556,7.3341937,0.06599188
11.176788,7.1363416,0.053417504
10.64702,6.9384894,0.038387835
11.677667,6.7755055,0.04534787
11.143559,6.5721235,0.04521936
11.648776,6.216818,0.0029298067
20.375446,15.13151,0.04602778
20.834192,14.774809,0.011647105
21.29294,14.418108,0.06062925
21.751688,14.061407,0.15773678
20.87835,15.410776,0.02896732
21.339558,15.053933,0.019186556
21.800766,14.69709,0.09008455
21.381254,15.6900425,0.055025518
21.844921,15.333057,0.09483135
13.108899,6.8282256,0.06559795
12.622191,6.624423,0.04222381
12.135484,6.4206204,0.0132107735
13.13929,6.2960696,0.0021222234
12.648681,6.08608,0.036622286
12.1580715,5.87609,0.06283802
13.169681,5.7639136,0.083212614
12.67517,5.5477366,0.13226879
13.20007,5.2317576,0.17382056
20.136013,13.245154,0.05962771
20.61495,12.870557,0.1102677
21.093887,12.495959,0.14518118
21.572824,12.121362,0.18507355
20.674572,13.517239,0.08665186
21.155918,13.142858,0.13970685
21.637266,12.7684765,0.20141852
21.21313,13.789323,0.10878277
21.696888,13.415158,0.19340432
14.317107,5.8203974,0.0068187714
13.944762,5.624184,0.05237001
13.572416,5.427971,0.12096214
14.3862295,5.383748,0.040775478
14.0114765,5.1829047,0.115079045
13.636724,4.982061,0.18759197
14.455352,4.947099,0.103976905
14.078192,4.7416253,0.18460506
14.524474,4.51045,0.17083877
19.914343,11.324363,0.11937785
20.393957,10.944744,0.15762174
20.87357,10.565126,0.2066986
21.353184,10.185508,0.24718404
20.46717,11.590029,0.14627558
20.949034,11.210986,0.19680172
21.430899,10.8319435,0.2508189
21.019997,11.855695,0.15507966
21.504112,11.477227,0.21839678
15.385134,5.0795894,0.022467315
15.098247,4.8898764,0.025064826
14.81136,4.700163,0.09527534
15.435968,4.7295804,0.015367627
15.147846,4.5371013,0.0807935
14.859723,4.3446226,0.1662811
15.486804,4.379571,0.063476086
15.197445,4.1843266,0.15276301
15.53764,4.029562,0.12744266
19.69707,9.42771,0.121569455
20.163641,9.036551,0.15299928
20.630213,8.645394,0.17032164
21.096785,8.254236,0.20352414
20.249107,9.680309,0.16051483
20.71776,9.290068,0.19319022
21.186413,8.899827,0.21445829
20.801146,9.932908,0.20288765
21.27188,9.543584,0.23589611
16.19895,4.498567,0.025699258
15.978513,4.342232,0.006085038
15.758077,4.185897,0.059274077
16.23409,4.23307,0.0096457
16.013304,4.075729,0.043123722
15.792516,3.9183877,0.11366159
16.269234,3.9675725,0.023433924
16.048096,3.8092253,0.09520286
16.304377,3.7020752,0.082197666
19.575577,7.634186,0.11145854
19.996593,7.266259,0.17219803
20.41761,6.898333,0.21769652
20.838627,6.530407,0.207959
20.082645,7.8408694,0.1225633
20.505426,7.473792,0.19123983
20.928207,7.1067147,0.23770672
20.589716,8.047553,0.14812809
21.01426,7.6813245,0.20536995
16.79997,4.0346837,0.058644533
16.634773,3.9238143,0.02811414
16.469574,3.8129447,0.02597779
16.818436,3.8296149,0.03279221
16.6556,3.723436,0.01783055
16.492764,3.617257,0.07531172
16.836899,3.6245458,0.020213842
16.676426,3.5230577,0.07354385
16.855364,3.4194767,0.07867956
20.389711,6.4216404,0.19693464
19.940796,6.312874,0.18799216
19.49188,6.2041073,0.16946727
20.759354,6.0818777,0.16027975
20.298195,5.97862,0.16526717
19.837036,5.875362,0.16196448
20.655594,5.644366,0.123342216
20.182192,5.5466166,0.12295753
20.527346,5.2178707,0.092713654
17.209309,3.7255743,0.045828998
17.091326,3.6235418,0.014163196
16.973345,3.5215092,0.030127168
17.255184,3.5544796,0.012068272
17.133492,3.4441493,0.031978846
17.011799,3.3338192,0.0827502
17.30106,3.383385,0.03221357
17.175655,3.264757,0.08150041
17.346935,3.2122903,0.0909304
20.056915,4.3068156,0.07788217
20.243841,4.595356,0.08223742
20.400652,4.899041,0.082639754
19.845276,4.564518,0.06987798
20.017143,4.8606305,0.06491381
20.158895,5.171888,0.082240164
19.633636,4.82222,0.06634444
19.790445,5.125905,0.07466549
19.421997,5.0799217,0.07133466
17.5509,3.1726913,0.07483262
17.75932,3.1534662,0.064403474
17.972195,3.154615,0.04242724
17.462072,3.3866837,0.018410444
17.668264,3.3572717,0.003483951
17.878912,3.3482335,0.013084531
17.57721,3.5610769,0.032884717
17.78563,3.5418518,0.044218063
17.692347,3.7354703,0.06624216
19.219221,4.3620634,0.083406925
19.296764,4.139089,0.08515108
19.37431,3.9161146,0.09233099
19.451853,3.69314,0.09172195
19.498453,4.3436475,0.078502
19.586876,4.111452,0.07878506
19.675299,3.8792565,0.08108622
19.777683,4.3252316,0.07328874
19.876986,4.083815,0.0719828
18.234148,3.7173858,0.088359416
18.14683,3.5297954,0.06484121
18.059513,3.3422053,0.03060478
18.398155,3.5802855,0.0879662
18.312643,3.3804789,0.05740136
18.227133,3.1806722,0.0035931468
18.56216,3.4431856,0.08597642
18.478456,3.2311623,0.017934442
18.726168,3.3060856,0.0755955
18.722815,4.023205,0.0989598
18.723932,3.7841651,0.10266656
18.72505,3.5451252,0.099529505
18.965826,3.9131832,0.097961545
18.975128,3.6627398,0.108841
18.98443,3.4122963,0.08155733
19.20884,3.8031616,0.098584235
19.226324,3.5413144,0.14330018
2.469741,38.285583,0.006723881
2.2262757,38.362083,0.011867046
2.3779764,38.113075,0.005238056
6.904751,38.831184,0.020928204
6.916184,39.08385,0.0039529204
6.6763687,38.898514,0.03062594
7.556132,38.234528,0.016162276
7.7329273,38.49615,0.03265971
7.9097223,38.757774,0.05210495
7.4151325,38.41097,0.018201828
7.5919275,38.672592,0.03396094
7.2741327,38.58741,0.019270003
8.00834,38.16859,0.026720107
7.959031,38.463184,0.04041207
7.782236,38.201557,0.021611929
8.652727,38.03514,0.03244996
8.641633,38.268723,0.029922247
8.443585,38.08538,0.029129803
2.7449021,38.28141,0.0063145757
2.6531377,38.1089,0.0053590536
2.5613732,37.93639,0.01685816
2.9282987,38.104725,0.009578586
2.8365343,37.932213,0.019802809
3.1116955,37.92804,0.025591135
2.829591,38.54756,0.026399314
3.0976768,38.637028,0.031303048
2.767633,38.809284,0.049272418
3.1963844,38.19419,0.015525162
3.2810733,38.460342,0.0016518831
3.0129879,38.370876,0.009634137
3.6309772,38.81343,0.006648183
3.8961918,38.900364,0.005002737
3.58838,39.144276,0.014277935
6.091953,38.886612,0.061023533
5.926299,39.201023,0.05274892
5.735919,38.807377,0.07260203
4.567566,38.900913,0.04732251
4.973726,38.81453,0.07150364
4.6861305,39.235847,0.067625046
2.8099315,37.40873,0.014485598
2.9105196,37.581833,0.01648575
3.0111074,37.754936,0.019540966
2.6353583,37.586006,0.016716063
2.7359464,37.75911,0.016324699
2.4607852,37.763287,0.01743424
3.009824,37.357628,0.0115945935
3.2097166,37.306522,0.010091007
3.409609,37.25542,0.008116901
3.1104121,37.53073,0.01822555
3.3103044,37.479626,0.018628657
3.211,37.703835,0.024831831
2.2363627,37.672127,0.01853609
1.959266,37.681355,0.030459106
2.1865134,37.403687,0.022722185
2.585509,37.31757,0.017704725
2.4109359,37.494846,0.019229889
2.3610866,37.226406,0.022441685
7.567591,37.990646,0.0075103045
7.57905,37.74677,0.004880905
7.5905094,37.50289,0.016684175
7.793695,37.95768,0.009550989
7.8051543,37.713802,0.0036489964
8.019799,37.924713,0.013230443
6.9578114,38.47685,0.014524579
6.729429,38.544178,0.02487719
6.5010467,38.61151,0.038526654
6.7824893,38.189842,0.019931018
6.5541067,38.257175,0.034452975
6.6071672,37.90284,0.020216405
6.145013,38.532276,0.06329858
5.788979,38.45304,0.07300359
6.1980734,38.17794,0.06059116
7.2398105,38.123962,0.008008778
6.9234886,38.0134,0.009496808
7.2512693,37.880085,6.2942505e-05
6.934948,37.769524,0.0001963377
7.2627287,37.636208,0.009887934
7.0988107,38.300407,0.009159863
8.735597,37.785393,0.03685546
8.526455,37.835636,0.026063085
8.317313,37.88588,0.019159257
8.6093235,37.585888,0.026900291
8.400182,37.63613,0.016396105
8.483051,37.386383,0.013751507
8.185537,37.42522,0.0054394007
8.102668,37.674965,0.00164783
7.8880234,37.464054,0.017152429
9.016615,37.8087,0.04861301
9.171361,37.632504,0.05701077
9.213886,37.90933,0.053269982
8.890343,37.609196,0.045577705
8.76407,37.40969,0.03862232
9.045089,37.433,0.053971708
7.954517,36.817905,0.035650134
8.130695,37.007397,0.025684655
8.306873,37.19689,0.005048394
7.833181,37.046234,0.03834802
8.009359,37.235725,0.026081502
7.711845,37.274563,0.028561711
4.186655,38.584507,0.043516397
4.2119036,38.181717,0.07830572
4.237152,37.778927,0.05849403
4.5928144,38.498123,0.06072831
4.6180634,38.095333,0.06608969
4.9989743,38.41174,0.06769621
3.9214404,38.497574,0.03809768
3.6562257,38.410637,0.031328917
3.946689,38.09478,0.07990712
3.6854568,37.429924,0.02101612
3.9613044,37.604424,0.046463907
3.5861523,37.65413,0.03928733
3.862,37.82863,0.066556394
3.4868476,37.878334,0.052171767
3.5715368,38.144485,0.049408257
5.493349,37.52784,0.011143267
5.455528,37.92794,0.04577607
5.4177065,38.32804,0.06961864
5.074617,37.611534,0.008797944
5.0367956,38.011635,0.04944557
4.6558847,37.69523,0.023894668
5.864622,37.65284,0.020752132
6.2358947,37.77784,0.031368613
5.826801,38.05294,0.0662235
2.8643565,37.152718,0.012473166
2.639934,37.061558,0.020558238
2.4155116,36.970398,0.030214667
2.9187815,36.89671,0.013472199
2.694359,36.80555,0.026791275
2.9732065,36.6407,0.015389144
3.2641416,37.050514,0.004503727
3.064249,37.101616,0.007828057
3.118674,36.845608,0.0077688694
3.5695508,37.070248,0.001321733
3.4240832,36.86534,0.0024103522
3.2786157,36.660435,0.008363247
3.7294927,36.885075,0.009241402
3.5840251,36.680164,0.0011796355
3.8894343,36.699898,0.0083755255
3.8453984,37.244747,0.0028386712
4.00534,37.059574,0.019742846
4.1212463,37.41925,0.0133500695
2.1317706,36.72754,0.062484145
1.8107922,36.662827,0.09908581
2.126877,36.31983,0.101628184
2.6894655,36.397842,0.04600084
2.410618,36.56269,0.057064414
2.4057245,36.154984,0.08704007
7.4313593,37.235474,0.027760565
7.1035786,37.36879,0.017390847
6.775798,37.50211,0.0104779005
7.272209,36.96806,0.032025278
6.9444284,37.101376,0.026236713
7.113059,36.700645,0.03131491
7.674031,36.77882,0.03881234
7.552695,37.007145,0.036246836
7.393545,36.73973,0.034818053
6.1432843,36.79898,0.058751047
6.4665422,36.7662,0.046995223
6.7898006,36.73342,0.034922183
6.2979116,37.16693,0.039024472
6.62117,37.134155,0.036602437
6.4525394,37.534885,0.0028392673
5.7099943,37.284885,0.039946854
5.926639,37.04193,0.062134683
6.081267,37.409885,0.012687862
9.81252,37.297577,0.0831306
9.539433,37.224537,0.075443566
9.752758,36.99277,0.085846424
10.432796,36.44113,0.08735305
10.516331,36.68796,0.08425486
10.19944,36.601067,0.0846113
11.125719,35.975292,0.120283544
11.19525,36.1908,0.10695416
10.895935,36.128242,0.11289507
9.176317,37.121666,0.0664708
9.026527,36.78703,0.06278658
8.876737,36.452393,0.05710143
9.389643,36.8899,0.07570118
9.239853,36.555264,0.07394999
9.602968,36.658134,0.07875776
8.61428,37.075054,0.02300042
8.745508,36.76372,0.039742887
8.895298,37.098362,0.050745964
8.261924,36.696068,0.012165129
8.56933,36.57423,0.023178995
8.438102,36.88556,0.004204035
7.9026313,36.514034,0.0326851
7.850745,36.210167,0.027430296
7.7988596,35.906296,0.020204246
8.210038,36.392197,0.011297822
8.158152,36.08833,0.009318531
8.517445,36.27036,0.023516476
7.622145,36.47495,0.03371674
7.341659,36.43586,0.030923426
7.5702596,36.171078,0.028815627
10.7353735,35.540413,0.08127147
10.942083,35.634388,0.09616619
11.148793,35.728363,0.10664755
10.712299,35.78734,0.09663409
10.919009,35.881317,0.10956007
10.689225,36.034267,0.102914155
11.697981,35.557556,0.09856421
11.770319,35.785885,0.11773449
11.526742,35.68995,0.107658744
11.31114,35.289803,0.07343745
11.497167,35.334923,0.0787316
11.683193,35.380043,0.08434403
11.325928,35.467316,0.08753598
11.511954,35.512436,0.09295261
11.340715,35.64483,0.10204977
11.119218,35.37334,0.07748145
11.134006,35.550854,0.092437804
10.927296,35.456875,0.081701994
5.352923,37.148125,0.078888595
4.9341908,37.23182,0.06941807
4.515458,37.315517,0.028109252
5.2124968,36.76841,0.08864838
4.7937646,36.852104,0.079527676
5.0720706,36.388695,0.06056291
5.786213,36.66222,0.06576973
5.569568,36.90517,0.08705133
5.4291415,36.525455,0.06825161
4.2836466,36.596165,0.025747716
4.6778584,36.49243,0.047199547
4.3995523,36.95584,0.05527413
3.1952772,36.230217,0.023634255
2.9115365,35.98736,0.04055333
2.6277955,35.7445,0.07985419
3.4173481,35.819736,0.036993265
3.1336071,35.576878,0.04994726
3.639419,35.409252,0.04695791
3.8060958,36.269684,0.020290256
3.5006866,36.24995,0.021615446
3.7227576,35.83947,0.037095845
4.200308,36.16595,0.011849344
4.1169696,35.735733,0.031618655
4.59452,36.062214,0.0070581436
2.1066384,35.429092,0.13253123
1.7197245,35.309116,0.15762371
2.0912933,34.946056,0.13178134
2.6124504,35.261467,0.09495813
2.5971053,34.778435,0.100953996
3.118262,35.09384,0.07289791
6.2391143,36.357613,0.044162333
6.3349447,35.916245,0.0307706
6.4307747,35.474876,0.01777935
6.5623727,36.324833,0.037175417
6.6582026,35.883465,0.025371611
6.885631,36.292053,0.027486026
7.114231,36.02727,0.022809505
6.886803,35.618683,0.012475312
7.342831,35.76249,0.015803993
5.8820434,36.22085,0.04306382
5.524972,36.08409,0.03804654
5.9778733,35.779484,0.028363109
10.399228,36.080475,0.088467896
10.165873,36.24041,0.08098692
9.932516,36.400345,0.07900953
10.132305,35.87975,0.07225001
9.898949,36.03969,0.07086992
9.865381,35.679028,0.05986607
10.445376,35.586617,0.073354244
10.422302,35.833546,0.08545953
10.155379,35.632824,0.06552863
9.569401,36.297474,0.07537389
9.206285,36.194603,0.07614529
9.535833,35.936817,0.06948674
10.370044,35.0308,0.046286702
10.49182,35.20067,0.055182636
10.613597,35.37054,0.06706214
10.201823,35.246876,0.05308515
10.3236,35.416748,0.06193185
10.033603,35.46295,0.056030452
9.4909115,35.520184,0.051103055
9.161364,35.777973,0.06523514
8.831815,36.03576,0.05915749
9.116441,35.36134,0.038297117
8.786893,35.619125,0.040547967
8.741971,35.20249,0.022167385
8.11323,35.671696,0.001580596
8.427601,35.437096,0.017662168
8.472523,35.85373,0.022694051
7.6674805,34.800606,0.019726515
8.025644,34.934566,0.020193934
8.383807,35.06853,0.017014503
7.7112737,35.16917,0.011869848
8.069437,35.30313,0.010057807
7.7550664,35.537735,0.004705608
7.255245,35.025364,0.014549613
7.2990384,35.393925,0.00091671944
6.84301,35.25012,1.7821789e-05
11.1897745,35.145824,0.060662627
10.997852,35.229362,0.06467003
10.80593,35.312897,0.067733645
11.068408,35.00185,0.05014199
10.876486,35.085384,0.054161787
10.947042,34.857872,0.043616056
10.562376,34.973156,0.044742167
10.754709,34.915512,0.04323405
10.684154,35.14303,0.055335224
12.021764,35.23914,0.07310432
12.174309,35.053116,0.059996903
12.240745,35.328617,0.0717929
11.782619,35.206116,0.072191834
11.696021,34.98707,0.057002068
11.609422,34.768017,0.045871317
11.935164,35.020092,0.060019493
11.848566,34.80104,0.04910636
12.087709,34.834064,0.050990522
11.410567,35.115875,0.061190248
11.5099945,34.941948,0.053377807
11.596594,35.160995,0.066584766
11.289202,34.971897,0.051871836
11.167835,34.82792,0.044638038
11.388628,34.79797,0.045109272
4.1356826,35.120667,0.03761393
4.6319466,34.83208,0.029114664
5.12821,34.543495,0.022081316
4.613233,35.447147,0.019235373
5.109497,35.15856,0.016160905
5.0907836,35.77363,0.012723446
5.9965863,35.164413,0.011766076
5.543685,35.46902,0.011653423
5.5623984,34.853954,0.013465762
3.6506188,33.613445,0.01184386
3.6468854,34.212048,0.021208584
3.6431522,34.81065,0.047746837
3.1257286,33.89664,0.037504733
3.1219954,34.495243,0.058532357
2.6008384,34.179832,0.08932382
4.6356797,34.23348,0.0145017505
4.1394157,34.522064,0.01940751
4.1431494,33.923462,0.00048702955
2.1061075,33.88475,0.12859428
1.662228,33.660183,0.14622217
2.1362667,33.306477,0.09865415
2.661157,33.023285,0.040641665
3.1558878,33.318367,0.02076292
2.6309977,33.60156,0.06689978
6.5456195,34.873512,0.010813594
6.111431,34.563053,0.031096935
5.677243,34.25259,0.04746443
6.6604643,34.27215,0.061796963
6.226276,33.96169,0.080521405
6.775309,33.670784,0.06604493
7.37009,34.424,0.037589967
6.9578547,34.648754,0.03942448
7.0726995,34.047394,0.06932908
9.677385,34.587376,0.016089976
9.740051,34.95126,0.032577336
9.802716,35.315144,0.047696173
9.365581,34.792416,0.016921401
9.4282465,35.1563,0.033254564
9.053776,34.997456,0.017239869
10.139157,34.88299,0.037871838
9.970937,35.099068,0.04360038
9.908272,34.735184,0.027290165
10.403185,34.839054,0.03777176
10.436325,34.647305,0.03014785
10.469466,34.45556,0.022418022
10.595517,34.78141,0.03679025
10.628658,34.589664,0.030272543
10.78785,34.723766,0.03681892
10.205439,34.4995,0.02091366
10.172298,34.691246,0.028847873
9.941412,34.543438,0.019078612
9.307089,34.32158,0.0023735762
8.995284,34.52662,0.0047459006
8.683479,34.731655,0.010070682
8.936793,34.055782,0.0011107326
8.624989,34.26082,0.0022460818
8.566497,33.78998,0.0049572587
7.9671526,34.46373,0.01581204
8.266825,34.126858,0.004115939
8.325316,34.597694,0.01146692
7.669762,34.087124,0.027327895
7.3723717,33.710518,0.038509905
7.9694343,33.75025,0.00085139275
12.524996,34.634293,0.042652667
12.723137,34.401497,0.03404081
12.769303,34.719414,0.04469329
10.999196,34.587345,0.035253286
11.05135,34.316822,0.027416646
11.103503,34.0463,0.02123028
11.219989,34.557396,0.036256313
11.272142,34.286873,0.028753817
11.440783,34.527447,0.036821544
10.680812,34.31914,0.02165699
10.892158,34.18272,0.022146821
10.840004,34.453243,0.029105306
12.209594,34.586212,0.042064965
12.092334,34.30533,0.032728672
11.975075,34.02445,0.023180783
12.407736,34.353413,0.03320998
12.290476,34.072533,0.024439454
12.605878,34.120617,0.025303721
11.731306,34.52016,0.038541257
11.85319,34.272305,0.031430542
11.970449,34.553185,0.040867984
11.68455,34.031734,0.02281183
11.562667,34.27959,0.030016482
11.394027,34.039017,0.022282302
13.441048,33.980675,0.039628625
13.144727,33.907375,0.028435528
13.368175,33.646046,0.030186892
14.20308,33.22275,0.010654986
13.861291,33.162167,0.010196388
14.1309595,32.939613,0.0036822557
4.161722,33.321587,0.0049912333
4.6728253,33.029728,0.0014135242
5.1839285,32.737865,0.007064581
4.6542525,33.631603,0.006403804
5.1653557,33.33974,0.011390924
5.146783,33.941616,0.024445415
5.714389,33.04884,0.031243384
6.2448487,33.359814,0.054984152
5.695816,33.650715,0.051451266
2.6800668,32.420692,0.025794506
3.1937077,32.113186,0.001252532
3.7073483,31.805676,0.0024886131
3.1747978,32.715775,0.007969737
3.6884384,32.408264,0.0030878782
3.6695285,33.010857,0.011491239
4.6917353,32.427135,0.015052795
4.180632,32.718998,0.003440857
4.199542,32.116405,0.007843554
1.6622523,31.808651,0.08660263
2.188374,31.480036,0.04397446
2.1774,32.10412,0.048395157
3.2046816,31.489101,0.021386147
2.6910408,31.79661,0.022911489
2.702015,31.172527,0.042222023
7.8570976,32.498894,0.001230061
8.093564,32.929256,0.014849603
8.33003,33.35962,0.0014198422
7.4965014,32.889523,0.0023604035
7.732968,33.31989,0.0074881315
7.1359053,33.280155,0.031465173
6.5931735,31.849783,0.02638644
6.6538854,32.456783,0.030236721
6.714597,33.063786,0.0352
6.1234255,32.14581,0.02082467
6.184137,32.75281,0.023080409
5.653677,32.441837,0.011790395
7.4357896,32.282524,0.03311026
7.0751934,32.673153,0.033385813
7.0144815,32.06615,0.052878797
10.361884,34.137497,0.007990718
10.254302,33.81943,0.0023471117
10.14672,33.501366,0.006183982
10.57323,34.001076,0.010783553
10.465648,33.68301,0.0049423575
10.784575,33.864655,0.011671424
9.83383,34.225372,0.0036799908
9.463534,33.959576,0.0035081506
9.093238,33.69378,0.023839474
9.990275,33.86337,0.0004592538
9.619979,33.597572,0.015396953
10.097857,34.181435,0.0044614077
9.073307,32.307762,0.0358721
9.431111,32.70563,0.054423153
9.788916,33.1035,0.03205836
8.90437,32.801834,0.059355497
9.262175,33.199703,0.05661267
8.735434,33.29591,0.04040879
8.262501,32.43518,0.009098351
8.667904,32.37147,0.023827314
8.498967,32.865547,0.024805069
12.786226,33.839237,0.020199716
12.651174,33.509773,0.014729023
12.516121,33.18031,0.006459415
13.009674,33.57791,0.020017743
12.874621,33.248444,0.016269922
13.233122,33.31658,0.020091832
12.155423,33.74307,0.013859093
12.335772,33.46169,0.008114696
12.470824,33.791153,0.017478943
11.773957,33.72113,0.011959434
11.57284,33.417812,0.0012753606
11.371723,33.11449,0.007345617
11.954306,33.43975,0.0028232336
11.753189,33.13643,0.008161545
12.134655,33.15837,0.0047697425
11.19291,33.735695,0.011955261
11.282316,33.425095,0.0020018816
11.483434,33.728413,0.011858463
10.873982,33.554054,0.006280601
10.555055,33.37241,0.0056369305
10.963388,33.24345,0.0024493933
14.892806,32.38216,0.042069316
14.946932,32.603474,0.0468781
14.646717,32.54961,0.02832663
15.479321,31.999302,0.06861842
15.540224,32.16523,0.07700682
15.309108,32.107006,0.06300902
13.48689,33.0188,0.008459568
13.382158,32.65288,0.0023745298
13.277426,32.28696,0.0022940636
13.756558,32.796246,0.004048884
13.651827,32.43033,0.0059263706
14.026227,32.573692,0.0031077862
13.128389,32.950665,0.014640093
12.769889,32.882526,0.009468555
13.023658,32.584743,0.008393347
14.376654,32.4191,0.011271536
14.35268,32.121147,0.005439937
14.328706,31.82319,0.008312821
14.622743,32.251656,0.025170386
14.598768,31.953697,0.018482387
14.868832,32.084206,0.039206743
13.978279,31.97778,0.018879354
14.002254,32.275738,0.006790042
13.627852,32.13237,0.0078988075
4.221201,31.518461,0.0029628873
4.735054,31.231245,0.013076127
5.2489066,30.94403,0.025691807
4.7133946,31.829191,0.018169105
5.227247,31.541977,0.008253038
5.205588,32.13992,0.032188416
6.1450844,31.547865,0.0039895177
5.6753364,31.843893,0.026978374
5.6969957,31.245949,0.01926446
2.7289739,30.566637,0.053474307
3.2585995,30.27732,0.041408956
3.7882254,29.988007,0.0053843856
3.2316406,30.883211,0.042373955
3.7612665,30.593895,0.017072976
3.7343075,31.199785,0.020656884
4.762013,30.625357,0.019011497
4.24816,30.91257,0.01571095
4.2751193,30.30668,0.0035501719
2.2261486,30.234407,0.060915887
1.6977617,29.912281,0.10364944
2.2529492,29.612862,0.06521928
3.2854002,29.655777,0.037308693
2.7557745,29.945091,0.05995089
2.7825751,29.323547,0.05485028
7.9217887,32.048683,0.019088566
7.5004807,31.832312,0.038954675
7.0791726,31.615942,0.050208807
7.9864798,31.598473,0.009794533
7.5651717,31.382101,0.016119123
8.05117,31.148262,0.010151207
8.327192,31.984972,0.015140712
8.391883,31.534761,0.0009074211
8.732595,31.92126,0.008420646
6.6713114,31.266113,0.031131625
6.2232223,30.964195,0.038718045
5.7751336,30.66228,0.036658764
6.7494493,30.682444,0.03371501
6.3013606,30.380527,0.036527753
6.827587,30.098776,0.04283476
7.6433096,30.798433,0.0030592084
7.1573105,31.032272,0.020742595
7.2354484,30.448605,0.028237939
9.301704,31.054893,0.012147486
9.225572,31.472515,0.0092894435
9.14944,31.890139,0.013114333
8.88486,31.086016,0.013734996
8.808727,31.50364,0.0042945743
8.468015,31.11714,0.009959102
11.0867,32.69405,0.0109757185
10.678366,32.82301,0.0022602081
10.270032,32.95197,0.01609987
10.801678,32.27361,2.9802322e-06
10.393343,32.40257,0.022862554
10.516655,31.85317,0.021194577
9.554423,32.15623,0.037350237
10.035539,32.0047,0.05616623
9.912228,32.5541,0.040014744
9.706688,31.320986,0.045336604
10.111671,31.587078,0.051597893
9.630555,31.73861,0.039633214
12.330613,32.82105,0.0075606704
12.145106,32.461784,0.02128625
11.9595995,32.102524,0.032081664
12.584382,32.523266,0.006360054
12.398875,32.164005,0.020890415
12.83815,32.225483,0.003211677
11.567682,32.77717,0.016093493
11.76364,32.439846,0.024335861
11.949148,32.799107,0.017927587
11.478618,32.019405,0.028760552
11.28266,32.356728,0.017841637
10.997637,31.936289,0.014818609
15.475689,31.774902,0.06219375
15.305476,31.882607,0.056034982
15.1352625,31.990313,0.049097955
15.301844,31.658207,0.041561842
15.131631,31.765911,0.037518203
15.127999,31.541512,0.02156949
14.8615675,31.635405,0.009890974
14.8652,31.859804,0.027967274
14.595137,31.729298,9.447336e-05
15.705924,31.724405,0.07469267
15.762315,31.557213,0.06705427
15.889436,31.745928,0.08797675
15.53208,31.60771,0.05468422
15.358234,31.491014,0.033830047
15.5884695,31.440517,0.047237515
14.568277,31.120335,0.049548328
14.754851,31.260727,0.026004374
14.941425,31.40112,0.0022399426
14.4884205,31.35462,0.03751123
14.6749935,31.495012,0.013137162
14.408563,31.588905,0.02353108
12.582973,31.294918,0.09010923
12.814457,31.625599,0.05161333
13.045941,31.95628,0.015378356
12.375182,31.564121,0.0654155
12.606666,31.894802,0.031874657
12.167391,31.833323,0.046129465
14.096926,31.562841,0.04321319
13.746499,31.717432,0.03889543
13.396072,31.872023,0.021739662
13.865146,31.302494,0.07606399
13.514719,31.457085,0.06683844
13.633366,31.042147,0.103713214
14.25664,31.094273,0.07370746
14.176783,31.328556,0.060659766
13.9450035,31.068209,0.09356308
12.933104,31.21066,0.099167585
13.283235,31.126404,0.10448611
13.164588,31.541342,0.05852127
5.30072,30.35534,0.023278713
4.8138266,30.036663,0.0099985
4.326933,29.717989,0.0049442053
5.3525343,29.766645,0.008203268
4.8656406,29.44797,0.011537969
5.404348,29.177952,0.020494342
5.8787613,29.484894,0.0048274994
6.353174,29.791834,0.034564495
5.826947,30.073586,0.030493319
3.834284,29.380972,0.004152298
3.3314588,29.048742,0.03335154
2.8286335,28.716513,0.052590013
3.8803425,28.773937,0.0139965415
3.3775172,28.441708,0.039409876
3.926401,28.1669,0.04035765
4.911699,28.840935,0.01984018
4.3729916,29.110952,0.01230675
4.41905,28.503918,0.013212025
2.3299294,28.363247,0.0817098
1.8101721,28.01288,0.12263465
2.380109,27.735176,0.066414356
3.427697,27.813637,0.03864956
2.8788133,28.088442,0.05175364
2.9289927,27.460371,0.016113818
6.9076,29.551865,0.059313953
6.4331865,29.244925,0.02924192
5.9587736,28.937983,0.010133922
6.9876122,29.004955,0.07834333
6.513199,28.698013,0.036996663
7.0676246,28.458044,0.068083346
7.4272747,29.932713,0.040234864
7.507287,29.385803,0.07103181
7.5873,28.838892,0.08525097
8.026962,29.766651,0.040232003
8.106975,29.21974,0.085590065
8.62665,29.600588,0.06162703
8.242997,30.63237,0.003774345
7.835136,30.282541,0.015097976
8.434823,30.11648,0.018161476
9.076686,30.570126,0.0054156184
8.659842,30.601248,0.001719892
8.851667,30.085358,0.020772874
9.616808,30.775843,0.036279738
9.931911,30.496792,0.049206197
10.247015,30.217741,0.0254125
10.021791,31.041935,0.05653304
10.336895,30.762884,0.027342856
10.426775,31.308027,0.023096085
9.391789,30.291075,0.023484588
9.166772,29.806305,0.047679186
9.706893,30.012024,0.039188564
12.222413,31.162416,0.098425925
12.014622,31.43162,0.07664424
11.80683,31.70082,0.052019954
11.861853,31.029917,0.09440178
11.654061,31.299118,0.07122111
11.501292,30.897415,0.07576114
11.1730795,31.216,0.04927945
11.325849,31.617704,0.03993857
10.844867,31.534586,0.015008211
11.0831995,30.670856,0.04396969
10.754988,30.98944,0.015930116
10.665108,30.444298,0.0042269826
15.161766,31.292522,0.0057315826
15.195533,31.043535,0.008562386
15.2293005,30.794546,0.019251764
15.392001,31.242025,0.01972562
15.425769,30.993036,0.0064539313
15.622237,31.191528,0.033510208
14.788618,31.011738,0.041717827
15.008959,30.903143,0.030383766
14.975192,31.15213,0.017352879
15.905423,31.155687,0.052281022
15.992142,30.921354,0.044346094
16.146015,31.171558,0.059966803
15.708955,30.957195,0.026679873
15.512487,30.758705,0.00063437223
15.795673,30.722864,0.020047665
14.532233,30.869743,0.0687232
14.496188,30.61915,0.08356482
14.460144,30.368559,0.097880185
14.752574,30.761147,0.05737698
14.716529,30.510555,0.07216734
14.972915,30.65255,0.045853555
14.220595,30.84368,0.092253685
13.908958,30.817617,0.111404
14.184551,30.593088,0.10744095
12.601062,30.942423,0.11769372
12.619151,30.58993,0.12715942
12.63724,30.237434,0.13187242
12.951193,30.858166,0.123215735
12.969282,30.505672,0.13102579
13.301324,30.773909,0.12360972
12.240501,30.809923,0.11717743
11.879942,30.677422,0.105107546
12.258591,30.457428,0.12384373
13.693121,30.02348,0.14221817
13.6732025,30.363035,0.13324463
13.653284,30.70259,0.1217401
13.341161,30.094797,0.1374054
13.321242,30.434353,0.13257605
12.989201,30.166117,0.13544065
13.948795,30.138506,0.1373434
14.20447,30.253532,0.120155275
13.928877,30.478062,0.12444973
5.4587145,28.589275,0.0070874095
4.9660654,28.252258,0.015552759
4.4734163,27.915241,0.03815323
5.513081,28.000597,0.022230923
5.020432,27.66358,0.023255646
5.567447,27.411919,0.025729358
6.0131397,28.349304,0.012244821
6.0675063,27.760628,0.028456807
6.5675654,28.109335,0.04026735
2.0074108,26.110085,0.052981853
2.5800586,25.851133,0.024534225
2.5051734,26.479118,0.01604861
4.0886464,26.324997,0.03177005
3.5358605,26.585701,0.0137909055
2.9830744,26.846403,0.0089915395
3.6107454,25.957714,0.023393333
3.0579596,26.218416,0.0083991885
3.1328444,25.590431,0.01749897
3.4817786,27.199669,0.017810643
4.0345645,26.938965,0.027806163
3.9804828,27.552933,0.0376786
5.074514,27.049612,0.010548413
4.5274982,27.301273,0.025217235
4.58158,26.687305,0.025581956
7.1911235,26.760399,0.03507346
7.149957,27.32628,0.037249982
7.108791,27.892162,0.051085114
6.649898,26.977571,0.0321151
6.6087317,27.543453,0.037841022
6.1086726,27.194746,0.03846091
7.6067743,28.224424,0.05758995
7.6479406,27.658543,0.045445442
7.689107,27.09266,0.047304153
8.145925,27.990805,0.04809308
8.187091,27.424923,0.055933297
8.685074,27.757185,0.073795676
8.6656,28.371653,0.092017055
8.646125,28.98612,0.11097866
8.12645,28.605272,0.08255917
10.157869,28.58113,0.11614895
9.647463,28.920948,0.13071257
9.137056,29.260769,0.10164797
9.666938,28.30648,0.11418462
9.156531,28.646301,0.11948854
9.176006,28.031834,0.09622681
10.2173,29.672203,0.0528605
9.677178,29.466486,0.085719585
10.187585,29.126665,0.1047405
12.262101,29.95565,0.123699844
11.883451,30.175644,0.11171514
11.504802,30.395638,0.0758363
11.886961,29.673866,0.08863884
11.508311,29.89386,0.06454861
11.511822,29.392084,0.03278178
11.08671,30.169079,0.030689001
10.668617,29.942522,0.008223057
11.0902195,29.667303,0.0068416595
11.060504,29.121765,0.032879055
10.638902,29.396984,0.04862374
10.609187,28.851446,0.08557677
15.281058,30.518972,0.028882265
15.332817,30.243399,0.037686944
15.384575,29.967825,0.04769844
15.564245,30.483131,0.0087714195
15.616004,30.207558,0.017269254
15.847432,30.44729,0.012166858
15.024673,30.376976,0.054900587
14.768288,30.234982,0.080602825
15.076431,30.101402,0.063326836
16.193172,30.376574,0.023987234
16.307486,30.066124,0.015309155
16.486368,30.386442,0.03233677
15.961745,30.13684,0.00431931
15.730316,29.897108,0.025164068
16.076057,29.826391,0.0077958107
14.445127,29.993965,0.114846766
14.430109,29.619373,0.12475717
14.4150915,29.24478,0.13088727
14.75327,29.860388,0.098427
14.738253,29.485794,0.11698419
15.061414,29.726809,0.086550295
13.933778,29.763912,0.14133626
14.174435,29.504347,0.13385612
14.189452,29.878939,0.13469255
13.475226,29.62661,0.13522255
13.257331,29.22974,0.119421124
13.039435,28.83287,0.10853845
13.715883,29.367043,0.13351047
13.497988,28.970173,0.11995876
13.95654,29.107477,0.13181478
13.123266,29.697927,0.13065314
12.771306,29.769247,0.12715805
12.905371,29.30106,0.111320734
12.396166,29.487463,0.104295075
12.021027,29.205679,0.06983596
12.530231,29.019276,0.087997615
2.2645752,24.22344,0.07107705
2.8078995,23.98724,0.0897727
2.7314215,24.605194,0.05794412
2.9699929,22.233738,0.0649907
2.9271853,22.801512,0.08425206
2.511299,22.404972,0.061680853
3.0571332,20.669558,0.039448857
3.0349667,21.167759,0.010008097
2.6931722,20.798409,0.030430257
8.769727,26.17032,0.109004855
8.741509,26.699274,0.08583665
8.713292,27.22823,0.07258135
8.2435255,26.367012,0.08963621
8.215308,26.895967,0.06656557
7.7173247,26.563705,0.06352556
4.634611,26.077738,0.042075455
5.1805754,25.830479,0.046252728
5.72654,25.58322,0.025979519
5.127545,26.440044,0.029917896
5.673509,26.192785,0.03422594
5.620478,26.802353,0.030760229
6.1617036,26.585178,0.037182033
6.2147346,25.975613,0.027541757
6.702929,26.368006,0.031951725
4.334944,24.459606,0.06568384
3.7749436,24.714119,0.07459533
3.2149436,24.968634,0.050803542
3.8514218,24.096167,0.07678944
3.2914217,24.35068,0.07887894
3.3678997,23.732727,0.09264302
3.6928446,25.335917,0.054225624
4.252845,25.081404,0.07224256
4.170746,25.7032,0.048469126
5.262675,25.208681,0.04540974
4.71671,25.45594,0.058419883
4.798809,24.834143,0.0611161
7.372452,25.12849,0.0032365918
7.312009,25.67246,0.034570694
7.2515664,26.216429,0.047229648
6.8238144,25.280067,0.0020035505
6.763372,25.824036,0.024584293
6.2751775,25.431643,0.009503067
7.7777677,26.019737,0.080999374
7.83821,25.475767,0.048592865
8.303968,25.823044,0.09027088
3.0785215,19.433485,0.10354209
3.0789106,19.80242,0.07889885
2.8012886,19.529295,0.1008842
3.0952199,18.574232,0.09977317
3.0866764,18.819391,0.1164127
2.8722832,18.6161,0.10609949
9.278968,26.437756,0.104830444
9.78821,26.705193,0.11046082
10.297451,26.97263,0.110758126
9.250751,26.966711,0.09256077
9.759992,27.234148,0.11151296
9.222533,27.495667,0.0905996
10.204396,28.044962,0.11015457
9.713465,27.770315,0.1068297
10.250924,27.508797,0.111607075
11.560763,28.871227,0.007981598
11.609706,28.35037,0.00020068884
11.6586485,27.829515,0.018367887
12.069968,28.684824,0.054233193
12.118911,28.163967,0.05658984
12.579173,28.498419,0.09112036
11.109447,28.600908,0.055571496
10.658129,28.330591,0.09561038
11.158388,28.080053,0.0748629
10.7511835,27.258259,0.09876853
11.204916,27.543886,0.074751854
10.704656,27.794424,0.10200083
15.45469,29.570726,0.06753355
15.524805,29.173628,0.08664477
15.594919,28.776531,0.10837239
15.800431,29.50001,0.044965327
15.870545,29.102913,0.062531054
16.146172,29.429295,0.02774769
15.131529,29.329712,0.10581076
14.808368,29.088696,0.13112748
15.201644,28.932613,0.124664545
16.579473,29.351475,0.017365158
16.737148,28.947273,0.03641528
16.937103,29.343987,0.004277408
16.303846,29.025093,0.047139704
16.028221,28.698711,0.09059429
16.461523,28.620892,0.07775271
14.393408,28.804548,0.13380265
14.371723,28.364317,0.12781233
14.350039,27.924086,0.12699747
14.786683,28.648464,0.13918966
14.764999,28.208233,0.14037585
15.179959,28.492382,0.13932496
13.934855,28.667246,0.124183536
13.476303,28.529942,0.119229555
13.913171,28.227013,0.11248559
13.93922,27.666204,0.12169629
13.502353,27.969133,0.11682111
13.065485,28.272062,0.12024492
13.528402,27.408325,0.12137735
13.091535,27.711254,0.118929744
13.117584,27.150446,0.105406046
12.631272,27.376802,0.058567762
12.605223,27.93761,0.09291488
12.14496,27.603159,0.016028345
10.223857,25.436295,0.033763885
10.248388,25.948406,0.09134048
10.27292,26.460518,0.105095625
9.739147,25.68097,0.06480771
9.763679,26.19308,0.1085493
9.254437,25.925644,0.09880173
3.4166598,19.990086,0.055214107
3.416271,19.621151,0.078201234
3.415882,19.252216,0.10598105
3.7540202,19.808817,0.053395808
3.7536314,19.439882,0.08253008
4.0913806,19.627546,0.056497216
4.301654,21.00909,0.017900884
3.8720362,21.228048,0.006527722
3.4424183,21.447004,0.03075999
3.8942025,20.729845,0.03508699
3.4645846,20.948803,0.024813771
3.4867508,20.4506,0.03876245
4.161472,20.08806,0.028086543
4.231563,20.548576,0.029040694
3.8241115,20.269331,0.034764647
3.5022824,21.986362,0.10013145
3.9917643,22.306763,0.13384384
4.481246,22.627163,0.11327767
3.4594748,22.554136,0.10194868
3.9489565,22.874537,0.10687792
3.416667,23.121912,0.0962469
3.9001892,23.485352,0.08949131
4.432479,23.237976,0.084400654
4.3837113,23.848791,0.061935008
4.361518,21.548447,0.064994216
4.421382,22.087805,0.13377833
3.9319003,21.767405,0.10121858
8.9691305,24.667059,0.00717026
8.902663,25.168146,0.008138716
8.836195,25.669233,0.07511228
8.436904,24.82087,0.00018316507
8.370437,25.321957,0.038079202
7.904678,24.97468,0.013690233
9.387373,24.923471,0.019024014
9.805614,25.179882,0.0002180934
9.320905,25.424559,0.03582698
10.140345,24.266087,0.0075247884
10.168181,24.656157,0.013510108
10.196019,25.046225,0.006196618
9.74994,24.399744,0.010804772
9.777778,24.789814,0.01702869
9.359535,24.533401,0.009017527
5.0758696,22.959091,0.07702744
5.6704936,23.291021,0.049290657
6.265117,23.62295,0.043681562
5.0271025,23.569906,0.05017805
5.621726,23.901834,0.03338021
4.978335,24.180721,0.03542149
5.906066,24.929796,0.0065592527
5.4422,24.555258,0.030979931
6.0855913,24.276373,0.022598922
7.0033402,24.626644,0.00020331144
6.454703,24.778221,0.0002450943
6.6342287,24.124798,0.029423952
7.940308,23.809774,0.006393492
7.7510223,24.249348,0.0031635761
7.561737,24.68892,0.0044382215
7.381911,23.7475,0.03341055
7.1926255,24.187073,0.02031207
6.823514,23.685225,0.050174057
8.283249,24.095537,0.00059610605
8.62619,24.381298,0.0019670129
8.093964,24.535109,0.0026125312
3.3511956,18.419256,0.086575866
3.5986276,18.50944,0.09226924
3.8460598,18.599625,0.09645933
3.3426518,18.664415,0.103966534
3.590084,18.7546,0.10660088
3.3341084,18.909575,0.1205799
3.9278333,18.942265,0.105781436
4.0096073,19.284906,0.08841699
3.6718578,19.09724,0.1084286
3.2412775,18.142872,0.067724764
3.0878115,17.951862,0.055031598
3.3787913,17.95667,0.056739986
3.4887094,18.233055,0.07499689
3.6262233,18.046854,0.06626731
3.7361417,18.323238,0.081376314
4.3636174,19.397367,0.06484175
4.2818437,19.054726,0.091172874
4.20007,18.712084,0.0930925
4.635854,19.167187,0.07375604
4.5540805,18.824545,0.081581056
4.9080906,18.937006,0.06678808
12.687632,26.782942,0.030665874
12.20132,27.009298,0.03242421
11.715008,27.235655,0.05886519
12.257679,26.415436,0.04101199
11.771366,26.641792,0.07729858
11.827725,26.047932,0.07062131
10.75848,25.640173,0.064637184
11.293103,25.844053,0.0733245
10.783011,26.152285,0.09306872
11.317635,26.356165,0.08274132
10.807543,26.664396,0.09451282
11.261275,26.950026,0.08571774
15.677936,28.307734,0.13942003
15.760952,27.838936,0.16470093
15.843968,27.370138,0.17128813
16.111237,28.229914,0.13673687
16.194254,27.761116,0.15589476
16.544538,28.152094,0.11462748
15.262976,28.023584,0.15499729
14.848016,27.739435,0.1575675
15.345992,27.554787,0.17402643
17.073652,28.031767,0.087383986
17.25248,27.520464,0.1014297
17.536839,28.00167,0.06771773
16.723368,27.64079,0.12511605
16.373081,27.249813,0.15286446
16.902195,27.129486,0.13161755
14.40709,27.435051,0.15041196
14.464141,26.946018,0.15865028
14.521192,26.456985,0.1256972
14.9050665,27.250402,0.18265396
14.962117,26.76137,0.16962296
15.403043,27.065754,0.18654305
13.996272,27.177172,0.13749814
13.585454,26.919292,0.118223965
14.053323,26.688139,0.12711346
13.376843,25.831913,0.035192132
13.758293,26.04027,0.070866406
14.139743,26.248629,0.09861666
13.290423,26.271423,0.05508834
13.671873,26.479782,0.09421897
13.204004,26.710936,0.084764004
12.860471,25.90392,0.002359569
12.774052,26.34343,0.017573059
12.344098,25.975925,0.037489653
11.338763,24.493736,0.0294621
11.501751,25.0118,0.031366408
11.664739,25.529867,0.050358057
10.967128,24.807922,0.023755312
11.1301155,25.325987,0.04800248
10.595492,25.122108,0.018068314
10.539817,24.34197,0.00013768673
10.93929,24.417852,0.015321314
10.567655,24.732038,0.003708899
4.523804,19.769747,0.027677655
4.9562273,19.911947,0.0023351908
5.388651,20.054146,0.03880745
4.593895,20.23026,0.013610005
5.0263186,20.372461,0.0002155304
4.663986,20.690775,0.025882244
5.0682774,19.309385,0.04158348
5.228464,19.681767,0.0006337762
4.7960405,19.539566,0.03607416
4.9137177,21.194708,0.0031157732
5.5257816,21.380323,0.049027026
6.1378455,21.56594,0.074864805
4.973582,21.734064,0.091144264
5.5856457,21.919682,0.09641111
5.033446,22.273422,0.11866051
5.6280694,22.60535,0.07913953
6.1802692,22.251612,0.0783543
6.2226934,22.93728,0.057367206
5.6383824,20.558077,0.039756417
5.888114,21.06201,0.03963852
5.27605,20.876392,0.004665494
10.728138,23.461637,0.029300451
10.93168,23.80567,0.0076912045
11.1352215,24.149702,0.017728746
10.532207,23.729788,0.015128195
10.735748,24.07382,0.00061142445
10.336275,23.997938,0.004511416
9.098796,24.172312,0.007890463
8.755855,23.88655,0.014076531
8.412914,23.60079,0.018055737
9.22846,23.677567,0.013779521
8.88552,23.391804,0.02947694
9.358126,23.18282,0.0074496865
9.879604,23.904999,0.010056019
9.489201,24.038656,0.000985086
9.618865,23.54391,0.00585562
10.075536,23.636848,0.019347072
9.814796,23.275759,0.023947895
10.271467,23.368698,0.033842146
7.7341204,22.413404,0.06075132
7.2444525,22.816587,0.076331794
6.754785,23.219769,0.06832248
7.2020288,22.130917,0.06781322
6.712361,22.5341,0.07686943
6.669937,21.848429,0.08014387
7.8715787,23.344318,0.035838723
7.313182,23.282043,0.061053753
7.8028493,22.878862,0.056646228
8.344185,23.135332,0.03815633
8.275455,22.669876,0.046951354
8.816791,22.926348,0.040423393
4.0729766,18.38164,0.08194709
3.9630585,18.105255,0.07185805
3.8531404,17.82887,0.05859053
4.299894,18.163656,0.066356
4.1899757,17.887272,0.058143497
4.5268106,17.945673,0.050626457
4.653904,18.276117,0.05915451
4.7809973,18.606562,0.06690532
4.426987,18.4941,0.07535875
3.7231328,17.505121,0.049022138
3.546462,17.256754,0.041607022
3.9299605,17.239775,0.037682414
4.059968,17.563522,0.047323942
4.2667956,17.298176,0.032223105
4.3968034,17.621925,0.041763484
5.299037,18.97269,0.050474524
5.689984,19.008373,0.041904986
6.08093,19.044058,0.017532289
5.4592237,19.34507,0.016131878
5.85017,19.380754,0.008363605
5.6194105,19.71745,0.034345865
5.4494166,18.21977,0.036233425
5.268975,18.458849,0.045836568
5.0885324,18.697927,0.05931872
5.1418815,18.128405,0.040936768
4.961439,18.367483,0.052407622
4.8343463,18.037039,0.045271575
5.659921,18.494534,0.035951316
5.8704257,18.769295,0.03439343
5.4794793,18.733612,0.04609281
13.178123,25.428709,0.013976812
12.661751,25.500715,0.01126349
12.145378,25.572721,0.038796842
12.979403,25.025507,0.0052219033
12.46303,25.097513,0.015138149
12.780683,24.622303,0.031944692
11.819403,24.536592,0.043816507
12.300042,24.579447,0.04104036
11.98239,25.054657,0.027995646
19.53841,23.35085,0.0039664507
19.774576,23.65708,0.04000199
19.287184,23.719868,0.014307141
18.764236,24.532717,0.0034567714
19.052338,24.902922,0.043872297
18.492517,24.976547,0.02900356
18.249075,26.410751,0.06238115
17.694471,26.479567,0.11060834
17.957636,25.949972,0.1035645
17.016195,26.505112,0.14103419
16.601082,26.00106,0.16106504
16.185966,25.497011,0.15756297
17.279358,25.975515,0.13784677
16.864244,25.471466,0.13290787
17.54252,25.44592,0.11360681
15.957969,26.745764,0.17021984
16.071968,26.121387,0.17390603
16.487082,26.625437,0.15854353
15.517043,26.441378,0.15955216
15.0761175,26.136993,0.109697044
15.6310425,25.817003,0.1427589
14.363972,24.887735,0.05112475
14.971304,25.090826,0.08671504
15.578635,25.293919,0.1295067
14.416379,25.410818,0.070637465
15.02371,25.61391,0.08957201
14.468785,25.9339,0.08145517
13.705886,25.517187,0.045962214
14.034929,25.202461,0.04971379
14.087336,25.725544,0.07093912
13.507166,25.113983,0.022293508
13.308445,24.710781,0.0062253475
13.836208,24.799257,0.025734246
11.587818,24.040237,0.0475474
11.836873,23.586737,0.051449895
12.085927,23.133238,0.05124885
12.068458,24.083092,0.0683099
12.3175125,23.629593,0.06766558
12.549097,24.125948,0.06690478
11.180735,23.35217,0.018065155
11.63333,23.242704,0.022843719
11.384276,23.696203,0.018173695
6.812003,20.141235,0.085596025
6.5872836,20.616137,0.09072119
6.3625646,21.09104,0.076945186
6.337552,20.112206,0.08364874
6.112833,20.587107,0.06956041
5.8631015,20.083176,0.076391816
6.324621,19.409782,0.032565475
6.568312,19.775509,0.070016205
6.093861,19.746479,0.06463981
7.6241145,21.06219,0.093107104
7.660783,21.512594,0.07828671
7.6974516,21.963,0.06388366
7.128691,21.230106,0.105665326
7.16536,21.680511,0.08360231
6.6332684,21.398024,0.09027654
7.3534107,20.755203,0.1009267
6.8579874,20.92312,0.107961416
7.082707,20.44822,0.09577376
10.724601,23.051859,0.049501
10.26793,22.95892,0.04357612
9.811259,22.86598,0.028355181
10.721065,22.642082,0.025407195
10.264394,22.549143,0.032226384
10.717527,22.232304,0.0078001022
11.177197,22.942392,0.022901416
11.17366,22.532616,0.0007433295
11.629794,22.832926,0.022322834
8.1709,21.17944,0.073061824
8.717687,21.29669,0.07105082
9.264472,21.41394,0.051861048
8.207569,21.629845,0.061284125
8.754355,21.747095,0.048297167
8.244238,22.08025,0.049657106
9.326908,22.593193,0.010280073
8.785573,22.336721,0.03724867
9.295691,22.003567,0.017416239
10.233175,21.959517,0.005037129
9.780042,22.276354,0.016807973
9.748824,21.68673,0.011431158
7.249479,19.06142,0.038145065
7.103654,19.421358,0.05029303
6.9578285,19.781296,0.0667606
6.859963,19.055634,0.024824739
6.7141376,19.415571,0.04362607
6.4704466,19.049845,0.007107675
4.8249273,17.681028,0.03081894
4.6949196,17.357279,0.021677017
4.5649123,17.033531,0.012655795
5.1230435,17.416382,0.007826805
4.9930363,17.092634,0.0002513528
5.42116,17.151737,0.022090554
5.4399977,17.863758,0.02338475
5.1324625,17.772392,0.025476158
5.430579,17.507748,3.5345554e-05
4.396357,16.618671,0.033744276
4.168983,16.309252,0.046183884
4.6559258,16.262915,0.047158778
4.824481,16.677774,0.021398246
5.0840497,16.322018,0.035620213
5.252605,16.736877,0.0008511543
5.8742375,18.099983,0.026247561
5.8648186,17.743973,0.005759597
5.8553996,17.38796,0.02523297
6.299058,17.980196,0.0145302415
6.289639,17.624186,0.0048205256
6.723879,17.860409,0.008511305
6.084742,18.374746,0.024303079
6.5095625,18.25496,0.01121217
6.2952466,18.649508,0.014660895
7.074279,18.661083,0.018197954
6.6847625,18.655296,0.003877163
6.899079,18.260746,0.0007837415
20.123108,22.391678,0.048265755
20.364737,22.68292,0.058789194
19.956373,22.686754,0.025793672
19.414394,22.229128,0.0018151402
19.706211,22.184952,0.023604989
19.998026,22.140778,0.047121227
19.539474,22.480028,0.001163125
19.831291,22.435854,0.024370432
19.664557,22.73093,5.1677227e-05
19.187973,22.459057,0.02713573
19.313055,22.709957,0.027593374
19.438135,22.96086,0.019795656
18.961552,22.688986,0.048175633
19.086634,22.939886,0.04619354
18.735132,22.918915,0.059036613
18.835407,23.308905,0.044385076
19.186909,23.329878,0.021298826
18.935682,23.698896,0.0074051023
13.789762,23.393055,0.0296126
13.981165,23.891281,0.0008406043
14.172568,24.389507,0.021762073
13.453402,23.802805,0.038303375
13.644805,24.301031,0.0054344535
13.117042,24.212553,0.045060694
12.885457,23.716198,0.06581116
12.653872,23.219843,0.056158245
13.221817,23.306448,0.047797084
18.507769,23.97502,0.030361414
18.23605,24.418848,0.056226432
17.96433,24.862679,0.08825815
17.979582,23.86115,0.06675881
17.707863,24.304981,0.08304793
17.451395,23.747282,0.07579267
18.30722,23.195038,0.06795138
18.407495,23.585028,0.049797297
17.879309,23.47116,0.074056506
17.286055,24.888224,0.10029101
16.607777,24.913769,0.11606556
17.029587,24.330526,0.0849123
15.5589695,23.66821,0.009318054
16.189777,23.694567,0.025137603
16.820587,23.720924,0.06340414
15.767969,24.27781,0.032816827
16.398777,24.304167,0.06184286
15.976968,24.887411,0.12481058
14.762304,24.481226,0.036253095
15.160637,24.074717,0.0018905401
15.369637,24.684319,0.074715436
14.570901,23.983,0.0040786266
14.379498,23.484772,0.007368207
14.9692335,23.57649,0.0027053952
13.304937,21.960676,0.07381141
13.466545,22.438135,0.06560391
13.628153,22.915594,0.049271345
12.898601,22.35153,0.057210088
13.060208,22.828989,0.05171001
12.492264,22.742384,0.051445305
11.941668,21.768936,0.04587412
12.3960905,21.83285,0.05113733
12.850514,21.896763,0.057329774
11.989755,22.223703,0.046898603
12.444178,22.287617,0.05273962
12.037841,22.67847,0.050548494
11.533621,21.923393,0.045774043
11.581707,22.378159,0.0314005
11.125574,22.077848,0.032859445
7.8821936,20.664333,0.075927734
8.140273,20.266478,0.063366115
8.398352,19.868624,0.053605735
8.42898,20.781584,0.074575126
8.687058,20.38373,0.05950719
8.975765,20.898836,0.07778466
7.6324368,19.330488,0.05627477
8.015394,19.599556,0.06102079
7.4866114,19.690426,0.06282228
7.869569,19.959494,0.06322402
7.340786,20.050364,0.074017644
7.61149,20.35735,0.078805804
10.766769,21.79121,0.031190693
10.282417,21.518423,0.021959484
9.798065,21.245636,0.041535854
10.81601,21.350117,0.036930263
10.331659,21.07733,0.04428333
10.8652525,20.909023,0.039704323
11.174816,21.636755,0.043287218
11.224057,21.195662,0.039681554
11.582863,21.4823,0.043411314
9.907462,20.105938,0.035645127
9.693132,20.541939,0.04891509
9.478802,20.97794,0.063224375
9.404426,20.026833,0.033960342
9.190095,20.462833,0.05651474
8.901388,19.947727,0.044384837
10.226726,20.373632,0.038683712
10.545989,20.641329,0.04154688
10.012396,20.809633,0.046452165
7.577063,18.83854,0.039017916
7.401863,18.438202,0.01592201
7.2266626,18.037865,0.0052734613
7.904647,18.61566,0.034716666
7.729447,18.215322,0.0074802637
8.232231,18.392778,0.029679656
7.9600205,19.107607,0.05915159
8.287604,18.884727,0.058854878
8.3429785,19.376675,0.06359279
5.192575,15.510095,0.05411613
4.949054,15.135093,0.0582453
5.4696555,15.11303,0.041785717
6.033894,15.208308,0.018816054
6.3210526,15.70065,0.026870012
6.6082106,16.192993,0.02829206
5.7568135,15.605372,0.03487307
6.043972,16.097715,0.020638406
5.479733,16.002438,0.03984511
5.8168435,16.832155,0.042135477
5.6482882,16.417295,0.004566729
6.2125273,16.512573,0.011192501
6.2510834,17.068378,0.04037714
6.6467667,16.748798,0.0037029386
6.6853228,17.304604,0.008586168
7.194246,17.628197,0.008992553
7.1556897,17.072392,0.012476206
7.1171336,16.516586,0.023128748
7.6646123,17.395987,0.016274631
7.626056,16.84018,0.021619856
8.134979,17.163774,0.015262485
8.167397,17.573442,0.0076655746
8.199814,17.98311,0.004888892
7.6970296,17.805655,0.008303106
6.183626,13.830945,0.07396722
5.9651814,14.273456,0.060692668
5.7468405,13.8249235,0.09307188
6.7942686,12.703251,0.09545797
6.59817,13.045843,0.09077078
6.4454947,12.638225,0.11225146
20.39464,21.758308,0.059233606
20.499435,21.420015,0.043597043
20.749632,21.718403,0.075009525
20.047138,21.844479,0.04556817
19.804434,21.592354,0.01944691
19.56173,21.340229,0.0071079135
20.151936,21.506184,0.034695387
19.909231,21.254059,0.010879219
20.256731,21.16789,0.021434784
19.463505,21.932827,0.0041244626
19.512617,21.636528,0.00032508373
19.755322,21.888653,0.026108861
19.143816,22.080881,0.017643869
18.873238,21.932636,0.025813878
18.602661,21.78439,0.027700067
19.192928,21.784582,0.015799344
18.92235,21.636335,0.029557407
19.24204,21.488283,0.02079463
18.917395,22.31081,0.035452068
18.690975,22.54074,0.047032297
18.646818,22.162565,0.030433476
17.78059,22.363798,0.03649497
18.098772,22.548838,0.048524022
18.416952,22.733875,0.05819446
17.670858,22.82496,0.062139213
17.98904,23.009998,0.07035583
17.561127,23.286121,0.072428465
18.054615,22.170662,0.02700603
18.328638,21.977526,0.021930039
18.372795,22.355701,0.037982285
14.910574,22.155785,0.068050206
15.126705,22.659925,0.012294412
15.342837,23.164066,0.023775458
14.536969,22.568209,0.04592228
14.753101,23.07235,2.682209e-05
14.163365,22.98063,0.03528434
13.84015,22.025711,0.08977771
14.375361,22.090748,0.08833128
14.001758,22.503172,0.06746924
16.527563,22.32239,0.013405204
16.835506,22.797354,0.04763943
17.143452,23.272318,0.06593001
16.204699,22.770996,0.036875486
16.512642,23.24596,0.053281426
15.881834,23.219603,0.03784722
17.362915,22.349995,0.03320384
17.253183,22.811157,0.054047763
16.945238,22.336193,0.026916921
15.44957,22.211319,0.039332032
15.988566,22.266855,0.0132287145
15.665702,22.71546,0.016144454
14.277548,20.851582,0.034280002
14.488557,21.286316,0.040851235
14.699565,21.72105,0.06586349
13.953344,21.221281,0.056050003
14.164353,21.656013,0.078597724
13.629141,21.590979,0.07072818
13.714233,20.677702,0.04575348
13.39003,21.0474,0.047143042
13.065826,21.417097,0.053946674
13.150919,20.50382,0.029343903
12.826715,20.873518,0.04063058
12.5876045,20.329939,0.020055354
12.1569805,21.28927,0.045629382
12.3722925,20.809605,0.039203823
12.611403,21.353184,0.04867953
11.798175,21.002632,0.042800963
11.43937,20.715996,0.039265335
12.013487,20.522966,0.033246458
8.744879,18.562078,0.054959893
9.257526,18.73138,0.07530993
9.770174,18.90068,0.08705318
8.800252,19.054028,0.07315177
9.312901,19.22333,0.07687712
8.855626,19.545977,0.0590508
9.861699,19.704185,0.04947698
9.358663,19.62508,0.054877818
9.815937,19.302433,0.07466978
10.334655,19.867094,0.04279667
10.288893,19.465342,0.06568438
10.24313,19.063591,0.08428812
10.761848,19.628252,0.059102654
10.716086,19.2265,0.07651156
11.189042,19.389408,0.05996585
11.65523,19.702919,0.035333395
12.121417,20.016428,0.020381033
11.081112,19.895947,0.04617262
11.547299,20.209457,0.03509277
10.973183,20.402485,0.041519344
10.653919,20.13479,0.04264909
8.586211,17.325638,0.013430119
9.037444,17.487503,0.03623241
9.488676,17.649366,0.046898425
8.6186285,17.735306,0.017273486
9.069861,17.897171,0.035974205
8.651046,18.144974,0.027231574
9.582509,18.066471,0.05205089
9.676341,18.483576,0.070675254
9.163693,18.314276,0.051947773
9.186021,16.580498,0.059912026
9.286906,16.936789,0.049878538
9.387791,17.293077,0.04747057
8.835673,16.774923,0.037350953
8.936559,17.131212,0.034503937
8.485327,16.969349,0.0061074495
7.342586,11.754269,0.09736472
7.1664767,12.057464,0.099808395
7.0391493,11.701379,0.11297226
6.2571564,14.695539,0.022192955
6.475601,14.253029,0.033195496
6.6940465,13.810518,0.039822936
6.767576,14.675113,0.0007083416
6.9860215,14.232602,0.00057685375
7.2779965,14.654686,0.01338166
7.0547347,15.167455,0.0067747235
6.8314724,15.680223,0.025953412
6.5443144,15.187881,0.0075775385
7.624157,15.018318,0.017130673
7.9703174,15.38195,0.014684796
8.316478,15.745583,0.026907146
7.400895,15.531087,0.0034727454
7.7470555,15.894719,0.0010492802
7.177633,16.043856,0.034909785
8.255979,16.218313,0.018265426
8.195478,16.691044,0.005606234
7.686556,16.367449,0.013293147
8.8961735,16.302193,0.05573237
8.545826,16.496618,0.027781308
8.606325,16.023888,0.041462243
8.024884,12.34181,0.03879112
7.680045,12.348094,0.061150193
7.335206,12.354377,0.082817316
7.8561544,12.044898,0.050079346
7.511316,12.051181,0.07849455
7.687425,11.747986,0.07499069
7.232502,12.706394,0.07493693
7.4746366,13.052129,0.051518023
7.716771,13.397863,0.024734795
7.036403,13.0489855,0.066367865
7.2785378,13.39472,0.0368371
6.8403044,13.391578,0.057969272
7.570513,13.816804,0.0047623515
7.424255,14.235745,0.008089483
7.13228,13.813662,0.014355242
7.9221797,12.693828,0.04140091
7.8194757,13.045845,0.039587975
7.5773406,12.700111,0.06027913
7.78782,10.959562,0.08516067
7.653258,11.2053175,0.09063548
7.518134,10.938936,0.099018574
20.699463,20.730204,0.036495984
20.794693,20.378687,0.055229962
21.051132,20.63763,0.06499392
20.531395,20.098097,0.043761134
20.436165,20.449614,0.028959394
20.340933,20.801132,0.017128885
20.172867,20.169024,0.018058121
20.077637,20.520542,0.007322669
19.814339,20.239952,0.008379221
19.645933,20.973469,0.015561938
19.730135,20.60671,0.014011085
19.993433,20.8873,0.0008741021
19.256113,21.096777,0.03019905
18.950495,20.853327,0.048495114
18.644876,20.609875,0.06212032
19.340315,20.730019,0.035453677
19.034697,20.486567,0.056221306
19.424519,20.363258,0.037385404
18.936422,21.244831,0.037858963
18.616734,21.392885,0.038764834
18.630804,21.001379,0.049334586
18.228188,21.604391,0.030865848
17.853716,21.424393,0.03569764
17.479242,21.244394,0.03812951
18.24226,21.212887,0.044591427
17.867786,21.032888,0.049363315
18.256332,20.82138,0.058261573
17.680141,21.990664,0.018389463
17.57969,21.617529,0.027587056
17.954165,21.797527,0.021985471
17.262465,21.97686,0.015990257
16.84479,21.963058,0.006865442
17.162016,21.603725,0.023501933
16.346575,21.799881,0.017792642
15.807579,21.744347,0.04372853
15.268583,21.688812,0.051802456
16.165588,21.277374,0.03303522
15.626593,21.22184,0.03312695
15.984601,20.754868,0.027417362
16.98103,21.081219,0.031614006
16.663801,21.44055,0.0036880374
16.482815,20.918043,0.0066906214
14.846566,20.819344,0.0063087344
15.415584,20.787106,0.014108896
15.057574,21.254078,0.02192533
15.024469,19.746323,0.007032752
15.344513,20.082504,0.0021678805
15.664557,20.418686,0.013673842
14.775496,20.114742,0.015030801
15.095539,20.450924,0.0015720725
14.526522,20.483162,0.025520086
13.908527,19.58279,0.057561696
14.031534,20.00572,0.05864638
14.154541,20.428652,0.0505445
13.46822,19.83184,0.03604287
13.591227,20.25477,0.042158544
13.027912,20.080889,0.014685988
14.280508,19.6373,0.04837805
14.652489,19.69181,0.02521813
14.403515,20.060232,0.040694714
12.7070875,19.711752,0.017027676
12.2409,19.398241,0.024527669
11.774713,19.08473,0.036778927
12.82657,19.093563,0.04201764
12.360382,18.780054,0.033908308
12.946053,18.475376,0.0444535
13.587702,19.213652,0.051978827
13.147395,19.462702,0.0334813
13.266877,18.844515,0.052188694
10.029782,17.663786,0.056388557
10.570888,17.678204,0.06311506
11.111994,17.692623,0.060299814
10.123614,18.08089,0.06322652
10.664721,18.095308,0.07257819
10.217447,18.497995,0.077721
11.16336,18.823812,0.072882175
10.690403,18.660904,0.08287126
11.137676,18.258217,0.07216716
11.749029,18.519135,0.042636752
11.723347,17.95354,0.044262707
12.3347,18.214458,0.03505647
9.522037,16.620987,0.06705469
9.858051,16.661474,0.070118904
10.194067,16.701963,0.066052854
9.622921,16.977276,0.054919064
9.958937,17.017763,0.055935144
9.723806,17.333565,0.05235368
10.500043,17.032183,0.051781416
10.806018,17.362402,0.05390066
10.264913,17.347984,0.05651796
9.383645,16.26239,0.07600051
9.093798,15.984085,0.0656507
8.803949,15.70578,0.040476978
9.581269,15.9442835,0.08861208
9.291422,15.6659775,0.05708027
9.778893,15.626176,0.07954568
9.719661,16.30288,0.08419353
9.917285,15.984771,0.09545267
10.0556755,16.343367,0.08321035
7.807275,11.452921,0.07559425
7.941837,11.207166,0.07168478
8.076399,10.9614105,0.066011965
8.095854,11.454769,0.054380953
8.230415,11.209014,0.050448
8.384433,11.456618,0.032272696
8.264584,11.751682,0.032210767
8.144733,12.046746,0.030866385
7.976004,11.749834,0.052693903
8.864427,12.107416,0.00948894
8.584579,12.185548,0.004649043
8.304731,12.2636795,0.022532523
8.704429,11.890484,0.002690196
8.424582,11.968615,0.014268696
8.544431,11.673551,0.013015091
8.129668,13.716016,0.0050376058
8.542565,14.034167,0.021273911
8.955462,14.35232,0.0376212
7.9834104,14.134956,0.011263967
8.396307,14.453109,0.0034767985
7.837152,14.553898,0.015750825
8.529472,15.281162,0.012837827
8.183312,14.91753,0.011883616
8.742468,14.816741,0.014112771
9.504416,15.201557,0.036975026
9.016945,15.24136,0.00842154
9.229939,14.776938,0.010307074
8.315416,12.562812,0.02398175
8.605949,12.7838125,0.01349318
8.896482,13.004813,0.008958459
8.212712,12.914829,0.027813911
8.503245,13.13583,0.019433439
8.110008,13.266847,0.02204299
8.916142,13.453982,0.025869727
8.935802,13.9031515,0.03852892
8.522905,13.584999,0.020822644
8.875112,12.4065485,0.0067591667
8.8857975,12.705681,0.0035146475
8.595264,12.48468,0.010263562
8.206643,10.699685,0.059022665
8.490905,10.685564,0.036251962
8.7751665,10.671443,0.011024952
8.360661,10.947289,0.04330522
8.644922,10.933168,0.017451048
8.514677,11.194893,0.025205553
8.444987,10.266732,0.04213792
8.610077,10.469088,0.029056668
8.160726,10.280853,0.060193658
8.325815,10.483209,0.050762832
8.0415535,10.49733,0.06996447
7.90903,10.248586,0.07643783
21.109064,19.472397,0.08173257
21.352743,19.661722,0.11656314
20.999495,19.749783,0.080233574
20.89696,19.167805,0.052769125
20.78739,19.44519,0.055920422
20.677818,19.722576,0.0531801
20.575285,19.140598,0.03897977
20.465714,19.417984,0.037613273
20.253609,19.113392,0.028840542
20.31929,19.793505,0.030556262
19.960762,19.864431,0.0062454343
20.107185,19.488913,0.02133751
19.520432,19.916183,0.031902254
19.226524,19.592415,0.04291451
18.932617,19.268648,0.045486093
19.666855,19.540665,0.010519803
19.372948,19.216896,0.021151185
19.813278,19.165144,0.007095456
19.130611,20.039492,0.06170082
18.740791,20.162798,0.075520515
18.836704,19.715723,0.067763925
18.262981,20.343184,0.07514632
17.881084,20.076492,0.0762161
17.49919,19.8098,0.059272707
18.358894,19.896107,0.080108285
17.977,19.629416,0.07492381
18.45481,19.449032,0.06758714
17.874435,20.55469,0.06528908
17.485891,20.766197,0.04941511
17.49254,20.287998,0.057218075
16.987679,20.60302,0.03190744
16.489464,20.439844,0.0064299107
16.994328,20.124823,0.03369254
15.416302,19.513018,0.0037923455
15.808134,19.279715,0.00023001432
16.199966,19.046412,0.0037534833
15.736346,19.8492,0.002902031
16.128178,19.615896,0.0060376525
16.05639,20.185383,0.009601057
16.633041,19.300875,0.019256055
17.066114,19.555338,0.03368455
16.561253,19.87036,0.018309712
14.918924,19.335028,0.015872836
14.813379,18.923733,0.03079325
14.707835,18.512438,0.065336525
15.310757,19.101725,0.009632349
15.205213,18.69043,0.03871113
15.70259,18.86842,0.0132725835
14.546944,19.280518,0.032812774
14.174963,19.226006,0.051348507
14.441399,18.869223,0.049124777
13.854138,18.856869,0.05887717
13.533313,18.48773,0.06436074
14.120574,18.500084,0.0777415
12.909356,17.87444,0.037606955
12.298003,17.613522,0.029023051
11.68665,17.352604,0.030766547
12.87266,17.273502,0.03285992
12.261307,17.012585,0.019397259
12.835963,16.672567,0.056294084
13.317776,16.831,0.053542614
13.799588,16.989433,0.04977846
14.281402,17.147867,0.053477347
13.354472,17.431936,0.048221767
13.836285,17.59037,0.07228196
13.391169,18.032873,0.060723364
14.56569,18.05758,0.097103775
13.97843,18.045227,0.09566134
14.423546,17.602724,0.081049204
10.584086,16.443895,0.06397456
10.445695,16.0853,0.08038241
10.307303,15.726705,0.08177906
10.974106,16.18583,0.05187595
10.835714,15.827233,0.05902493
11.364124,15.927762,0.055677056
10.890061,16.774117,0.043796062
11.280081,16.516048,0.043215156
11.196037,17.104336,0.038196504
11.854737,16.176031,0.05142373
12.34535,16.4243,0.055628
11.770694,16.764317,0.028559148
10.431584,14.627108,0.039313734
10.214021,14.96013,0.0560717
9.996457,15.293153,0.069361925
9.939544,14.535512,0.027910888
9.72198,14.868534,0.035164535
9.447503,14.443916,0.0066463947
10.742431,15.060659,0.048870564
11.053278,15.49421,0.052508473
10.524867,15.393682,0.064879
12.779094,15.344404,0.09412873
12.79805,15.787126,0.10117394
12.817006,16.229847,0.08958924
12.307437,15.538857,0.083646774
12.326394,15.981578,0.075772345
11.835781,15.73331,0.06836659
8.683771,11.446131,0.0061718225
8.814016,11.184406,0.003404379
8.944261,10.922681,0.009172857
8.98311,11.435644,0.010668993
9.113355,11.173919,0.019123256
9.282449,11.425157,0.01514107
9.003767,11.879996,0.015893042
8.843769,11.663064,0.010365307
9.143108,11.652576,0.013570428
9.171736,12.170293,0.010314226
9.479045,12.23317,0.013197601
9.786354,12.296046,0.034307778
9.182421,12.469425,0.00060486794
9.48973,12.532302,0.01096499
9.193106,12.768558,0.0018203855
9.311076,11.942873,0.002939701
9.450417,11.715453,7.5399876e-05
9.618385,12.00575,0.021642387
9.354761,13.139658,0.009748042
9.813039,13.274503,0.008956671
10.2713175,13.409348,0.0051416755
9.374421,13.588827,0.022040546
9.8327,13.723672,0.009899139
9.394081,14.037996,0.026650608
10.378162,14.221188,0.020174444
9.886122,14.129592,0.0032718182
10.324739,13.815268,0.0070004463
9.948009,12.667147,0.024125397
10.109663,13.038247,0.006333053
9.651384,12.903402,0.011877477
9.5763645,10.673987,0.030642569
9.478393,10.924377,0.027683437
9.380421,11.1747675,0.020658672
9.3092985,10.67314,0.022602618
9.211327,10.923529,0.019895613
9.0422325,10.672291,0.007733524
8.588423,9.941155,0.0318982
8.896948,9.817935,0.014049649
8.753512,10.143511,0.020310163
9.062037,10.02029,0.00023967028
8.918602,10.345867,0.0053616166
9.452734,10.347563,0.027266681
9.185668,10.346715,0.011932135
9.329103,10.021138,0.018148959
8.5303545,9.630516,0.038107038
21.155928,18.874897,0.06545204
20.834253,18.847692,0.04482889
20.512577,18.820486,0.033195734
21.093222,18.554785,0.05685854
20.771547,18.527578,0.038960755
21.415045,18.74207,0.08515078
20.045763,18.710455,0.018652618
19.837915,18.307516,0.004664004
19.63007,17.90458,0.011070073
20.304731,18.417547,0.022866666
20.096886,18.01461,0.008427203
20.5637,18.124641,0.025976062
19.605433,18.762205,0.0020025969
19.165102,18.813957,0.02267462
19.397585,18.359268,0.013611138
18.53969,18.823967,0.040611327
18.14676,18.379286,0.010148048
17.753832,17.934607,0.023288012
18.772173,18.369278,0.024507523
18.379244,17.924597,0.008742213
19.004656,17.914587,0.020526469
18.06188,19.00435,0.058250785
17.58407,19.184736,0.053521812
17.668951,18.559671,0.023662686
17.150995,18.930273,0.030591607
16.717922,18.67581,0.009990096
17.235876,18.305208,0.013954818
15.987827,17.462172,0.076734185
16.576496,17.61965,0.05064255
17.165163,17.777128,0.019416153
16.05854,17.990252,0.05942887
16.64721,18.14773,0.010912657
16.129253,18.518332,0.022482038
15.631876,18.34034,0.054846466
15.134499,18.16235,0.08175206
15.561163,17.81226,0.080257356
14.992354,17.707493,0.08724922
14.85021,17.252636,0.06368613
15.419019,17.357403,0.07344842
14.182165,16.650988,0.076612175
13.700353,16.492554,0.08618611
13.21854,16.334122,0.092912555
14.08293,16.154108,0.11947858
13.601117,15.995675,0.12105894
13.983694,15.657229,0.11163193
13.180627,15.44868,0.09957576
13.582161,15.552955,0.105323315
13.199583,15.8914,0.11290926
15.2677555,16.146843,0.1267795
14.938971,16.480518,0.09931195
14.610186,16.814192,0.06427306
14.839735,15.983639,0.13283014
14.51095,16.317314,0.11082268
14.411715,15.820435,0.1287657
15.50778,16.585287,0.095354855
15.747804,17.02373,0.083388686
15.178995,16.91896,0.06595439
10.880597,14.438494,0.027933002
11.329609,14.249881,0.035129964
11.778622,14.061268,0.0425179
11.191443,14.8720455,0.047641277
11.640456,14.683433,0.06337172
11.502291,15.305597,0.0670138
10.827174,14.032575,0.017403066
10.773752,13.626655,0.021718144
11.276187,13.843961,0.031107605
12.445602,14.916692,0.08871353
11.973947,15.111145,0.08446795
12.112112,14.48898,0.06844133
13.005137,14.961228,0.08425045
12.671646,14.533516,0.08080512
12.338156,14.1058035,0.06261057
13.231181,14.5780525,0.088475764
12.89769,14.15034,0.07996571
13.457225,14.194877,0.10822207
13.406671,15.065504,0.08332753
13.632714,14.682328,0.09239465
13.808205,15.169779,0.08288312
9.822463,10.897145,0.032033503
10.068562,11.120302,0.017781973
10.31466,11.34346,0.0007741451
9.724491,11.147534,0.02019918
9.97059,11.370692,0.0008664727
9.626519,11.397924,0.008395612
9.794488,11.688221,0.019174278
10.138558,11.660989,0.025073588
9.962456,11.978518,0.042575777
10.245335,12.356092,0.030820012
10.421436,12.038563,0.033068597
10.597539,11.721034,0.021276414
10.704315,12.416138,0.0035007
10.880418,12.098608,0.015519381
11.163296,12.476183,0.025483131
10.568644,13.098292,0.019284368
10.406989,12.727192,0.0020751953
10.86597,12.787238,0.023439765
11.071078,13.315599,0.040127337
11.368404,13.004544,0.062493324
11.573513,13.532906,0.05582428
9.859112,10.497731,0.043348312
9.735481,10.171307,0.04364407
9.611851,9.844882,0.033629596
10.14186,10.321475,0.04999119
10.0182295,9.99505,0.055561423
10.424607,10.145219,0.051589847
10.10521,10.720888,0.038529396
10.387959,10.544632,0.037272155
10.35131,10.944046,0.021398127
10.411101,9.698696,0.050864816
10.004723,9.548529,0.039950013
9.598344,9.39836,0.019312501
10.397594,9.252174,0.04084134
9.991216,9.102006,0.026370764
9.526221,8.93175,0.011328936
20.935188,17.769142,0.024241567
20.468372,17.659111,0.0006123185
20.001558,17.54908,0.017189026
20.83986,17.303612,0.0114527345
20.373045,17.19358,0.031560004
21.245337,17.5545,0.034804106
19.426823,17.366978,0.027637184
19.223576,16.829378,0.039079785
19.02033,16.291779,0.059483945
19.798311,17.01148,0.04376948
19.595064,16.473879,0.06271809
20.169798,16.655981,0.055831075
18.80141,17.376987,0.007399857
18.175997,17.386997,0.04738742
18.598164,16.839388,0.0059245825
18.349388,16.114517,0.020018518
17.927221,16.662127,0.054644346
17.505056,17.209736,0.074544966
17.678446,15.937256,0.01758504
17.256279,16.484865,0.06739873
17.007504,15.759995,0.05847448
16.327719,16.89478,0.09195417
16.667612,16.327387,0.08058649
16.916388,17.052258,0.093998075
15.8476715,16.017895,0.11850214
16.427588,15.888945,0.089805126
16.087696,16.456337,0.102402985
15.272079,15.576836,0.1256941
15.276403,15.006827,0.10435969
15.280727,14.436819,0.07815802
15.851995,15.4478855,0.11953431
15.856319,14.877877,0.10633528
16.431911,15.318936,0.09881538
14.844059,15.4136305,0.115977466
14.4160385,15.250426,0.096520305
14.848383,14.843622,0.093110144
14.240549,14.762975,0.08999628
14.065059,14.275524,0.12567025
14.672894,14.356172,0.093556225
14.281198,13.103494,0.13848215
14.614374,13.5479355,0.117340624
14.947551,13.992377,0.07618946
14.00654,13.467288,0.1478908
14.339717,13.91173,0.12336844
13.731882,13.831082,0.13363695
11.724487,12.474896,0.067876875
12.285679,12.473611,0.08188373
12.84687,12.472325,0.07286608
11.929596,13.003259,0.0886578
12.4907875,13.001972,0.09878987
12.134705,13.53162,0.07289666
13.253774,13.620693,0.10850853
12.694239,13.576157,0.08679819
13.050322,13.046509,0.103942156
13.803088,12.893105,0.12525213
13.528431,13.256899,0.12899953
13.32498,12.682714,0.09330553
10.761405,11.243695,0.0076731443
10.798054,10.844281,0.005573809
10.8347025,10.444868,0.023534656
11.208149,11.14393,0.008289039
11.244798,10.744517,0.0021443367
11.654893,11.044167,0.0020104647
11.044283,11.621269,0.008948386
11.491027,11.521505,0.0135217905
11.327162,11.998844,0.014248848
11.888353,11.997558,0.05459237
12.052218,11.520219,0.03076917
12.449545,11.996272,0.053428113
10.879985,9.926911,0.04441756
10.866478,9.480389,0.04647243
10.852971,9.033866,0.04650426
11.3353615,9.708603,0.026020586
11.321856,9.262081,0.040522754
11.790739,9.490295,0.011834025
11.29008,10.226561,0.015801072
11.745457,10.008252,0.010279655
11.700175,10.52621,0.007668853
11.772308,8.957824,0.044159293
11.303425,8.7296095,0.04699552
10.83454,8.501395,0.037281275
11.753878,8.425353,0.057453692
11.284994,8.197139,0.04735452
10.759564,8.004816,0.032465935
20.498474,15.700367,0.051578283
20.621504,16.269224,0.044339955
19.92374,15.518266,0.067741096
20.04677,16.087124,0.07029432
19.472034,15.905022,0.08076835
21.001379,15.979633,0.0078637
14.248992,11.91245,0.0027003884
14.2597275,12.309464,0.04206103
14.270462,12.706479,0.10082638
13.781618,12.099075,0.031814337
13.792354,12.49609,0.08050203
13.314244,12.2857,0.055665314
19.82228,14.882115,0.049260974
19.370575,15.268872,0.08261496
18.918869,15.655628,0.07557112
19.269115,14.632722,0.069678426
18.81741,15.019478,0.073096156
18.71595,14.3833275,0.05601138
18.247929,15.478367,0.012685895
17.576986,15.3011055,0.042424142
18.14647,14.8422165,0.0020523667
18.13811,14.094978,0.019203246
17.568626,14.553867,0.03475207
16.999146,15.012756,0.08030963
17.560268,13.806628,0.013978839
16.990786,14.265517,0.06612545
16.982426,13.518278,0.038321495
15.84796,14.130638,0.04907936
16.415194,13.824458,0.042087495
16.423553,14.571697,0.07835752
15.563812,12.594833,0.013393462
16.036684,12.902649,0.02993071
16.509556,13.210464,0.029939592
15.469451,13.208829,0.079226434
15.942323,13.516644,0.040531278
15.37509,13.822824,0.059158087
14.708735,12.93394,0.11596751
15.136274,12.764387,0.071783364
15.041913,13.378382,0.102312386
14.698001,12.536925,0.058117628
14.687265,12.139911,0.00427866
15.125539,12.3673725,0.0054109693
12.217806,10.868284,0.013014436
12.263087,10.3503275,0.030014515
12.30837,9.83237,0.02757281
12.780718,10.692402,0.03403628
12.826,10.174445,0.045332253
13.343631,10.5165205,0.03216946
12.615131,11.344337,0.0044358373
13.178044,11.168455,0.014930189
13.012457,11.82039,0.021380842
13.947205,11.44714,0.010866761
13.479831,11.633765,0.010161161
13.645418,10.98183,0.003236413
12.22422,8.107698,0.08808607
12.712994,8.322516,0.08787423
13.201767,8.5373335,0.052199066
12.242651,8.64017,0.053756
12.731424,8.854987,0.022501945
12.261082,9.172641,0.016510427
12.778712,9.514716,0.026056767
13.249055,9.1970625,0.015372574
13.296343,9.8567915,0.039509058
13.170812,7.967631,0.11284822
12.682037,7.7528133,0.11750245
12.193264,7.5379963,0.08860022
13.139855,7.397928,0.10714334
12.651082,7.183111,0.09287846
12.164374,6.9793086,0.06587875
19.189304,14.003937,0.041709185
19.662659,13.624546,0.0051701665
19.74247,14.253331,0.01341033
20.215824,13.8739395,0.042500734
20.295635,14.502725,0.0026435256
20.754383,14.146024,0.05322957
14.566586,11.573247,0.011370242
14.264799,11.107938,0.009852231
13.963012,10.642628,0.003949702
14.88418,11.234045,0.0027250648
14.582393,10.768735,0.008790374
15.201774,10.894842,0.013921499
15.004859,11.800709,0.038001895
15.3224535,11.461506,0.026705325
15.443132,12.02817,0.04761839
19.58595,12.979759,0.017667413
19.112598,13.35915,0.04112518
18.639244,13.738541,0.04381281
19.03589,12.714363,0.0054819584
18.562536,13.093754,0.02786833
18.48583,12.448967,0.013182998
17.48356,13.161841,0.00894928
17.984695,12.805404,0.0032362938
18.061401,13.4501915,0.013364315
17.949434,12.184073,0.017236233
17.448301,12.54051,0.0041089654
16.947166,12.896948,0.018517792
17.41304,11.919179,0.009015918
16.911907,12.275617,0.0074697137
16.876646,11.654285,0.006100893
16.001423,12.281318,0.04997754
16.439035,11.967801,0.048994243
16.474295,12.589132,0.008424699
15.880744,11.714654,0.05676359
15.760064,11.14799,0.00016838312
16.318356,11.401137,0.018262267
13.820582,8.733366,0.005559802
14.439398,8.929399,0.03180492
15.058212,9.125431,0.069018304
13.86787,9.393095,0.01840061
14.486686,9.589128,0.01646018
13.915158,10.052824,0.02120012
15.15392,10.305038,0.021873236
14.534539,10.178931,0.006196201
15.106067,9.715235,0.042788267
14.392287,7.4143662,0.012383223
13.995447,7.7886887,0.032214165
13.598607,8.163011,0.060528994
13.964491,7.218986,0.027014017
13.567651,7.5933084,0.073613346
13.5366955,7.023606,0.051344395
14.614263,7.984721,0.02746576
14.836238,8.555077,0.056355834
14.2174225,8.359043,0.026011825
13.511635,6.492283,0.017450988
13.9143715,6.15634,0.0020538568
13.939431,6.687663,0.015143931
14.342168,6.3517203,0.019271791
14.367228,6.8830433,0.0015645623
13.542026,5.960127,0.031194806
18.962,12.074099,0.06376499
19.438171,11.69923,0.09866524
19.512062,12.339495,0.06609893
19.988234,11.964626,0.11877799
20.062122,12.604891,0.08408964
20.54106,12.230293,0.12636292
16.683226,9.948105,0.03879875
16.7477,10.516832,0.032457173
16.812172,11.085559,0.018098116
16.189407,10.263684,0.014170706
16.253881,10.832411,0.019082427
15.695591,10.579263,0.013571262
15.6477375,9.989459,0.018795848
15.599884,9.399655,0.05092722
16.141554,9.673881,0.029393256
19.37276,11.072372,0.10228616
18.89659,11.447241,0.08485013
18.420418,11.822109,0.054231286
18.831179,10.820383,0.093238115
18.355007,11.195251,0.09017348
18.289597,10.568393,0.08422482
17.34763,11.292321,0.036804974
17.818613,10.930357,0.08545709
17.884024,11.557215,0.053019643
17.218683,10.154868,0.05056554
17.75414,10.36163,0.0649429
17.283155,10.723595,0.050094426
16.505432,8.588375,0.039608598
16.564697,9.041618,0.051303744
16.62396,9.494862,0.048013747
16.023026,8.767394,0.05402881
16.08229,9.220637,0.050546885
15.540619,8.946412,0.069353044
15.761372,7.538143,0.02322054
15.526985,8.067239,0.030501425
15.292599,8.596335,0.06464481
15.305011,7.4968843,0.010724425
15.070624,8.02598,0.030478239
14.848649,7.4556255,0.0015086532
16.257412,8.238298,0.029570699
15.775005,8.417316,0.047525287
16.009392,7.888221,0.009917796
15.494682,6.3079267,0.041223824
15.127217,6.6767397,0.0028438568
14.759752,7.045553,0.016718566
15.102158,6.1454167,0.06956929
14.734693,6.5142303,0.020353913
14.709633,5.9829073,0.05383241
15.672476,7.128071,0.060801506
15.216114,7.086812,0.036518335
15.583579,6.717999,0.026154995
15.458166,5.898481,0.076874316
15.065641,5.735971,0.06654483
14.673116,5.5734615,0.016470313
15.42165,5.489035,0.060912132
15.029124,5.326525,0.028835833
14.742238,5.136812,0.030084431
18.758755,10.188165,0.074845076
19.227913,9.807938,0.09034699
19.300337,10.440155,0.10088545
19.769495,10.059927,0.12805808
19.841919,10.692144,0.12304038
20.321531,10.312527,0.16384959
19.130726,9.1765585,0.08320975
18.66157,9.556787,0.07076299
18.192411,9.937015,0.05989939
18.564383,8.925408,0.072327435
18.095226,9.305636,0.076114
17.99804,8.674258,0.05483544
17.121496,9.523489,0.056757808
17.559769,9.098874,0.06904036
17.656954,9.730252,0.05830002
17.002968,8.6170025,0.03247249
17.500504,8.64563,0.04164183
17.062233,9.070246,0.053508043
17.048016,7.6490703,0.006100416
17.36469,7.9907994,1.4781952e-05
17.681364,8.332529,0.020465076
16.867155,7.962172,0.0019459724
17.183828,8.303901,0.014267206
16.686293,8.275273,0.02052766
16.438272,7.925196,0.005723119
16.190252,7.575119,0.022054136
16.619135,7.6120944,0.013821721
15.937877,6.3756,0.022530675
16.38107,6.4432735,0.011465311
16.824263,6.510947,0.0076888204
16.026773,6.785672,0.049168408
16.469967,6.853346,0.039744496
16.11567,7.1957445,0.059967697
16.97343,7.2696958,0.011677027
16.54455,7.2327204,0.03533548
16.898848,6.8903213,0.011505842
16.287933,5.484116,0.068021476
16.023516,5.7587194,0.081198454
15.7591,6.033323,0.0714975
15.987,5.3492737,0.07162839
15.722583,5.6238775,0.07778448
15.686067,5.214432,0.052998662
16.46671,5.826393,0.060662627
16.645487,6.16867,0.035981894
16.202293,6.1009965,0.057502925
16.258272,5.1555996,0.057617128
15.957338,5.0207577,0.054210365
15.656405,4.8859153,0.022402823
16.228611,4.8270836,0.042778313
15.927677,4.692241,0.027018785
15.707241,4.5359063,0.01236558
19.656572,8.829868,0.11098927
19.090229,8.578717,0.06927627
18.523886,8.327567,0.041384697
19.616074,8.232027,0.08803618
19.04973,7.9808764,0.06910586
20.123144,8.43871,0.12429571
18.18736,6.9039664,0.061017156
18.650099,7.1473727,0.077245414
19.112839,7.390779,0.09671682
18.124252,7.4940634,0.026356995
18.586992,7.73747,0.044905484
18.061146,8.084161,0.011460006
17.427797,7.4007025,0.0029105544
17.807579,7.152334,0.025646925
17.744473,7.7424316,0.0013614893
17.353212,7.021328,0.009142399
17.27863,6.6419535,0.022991419
17.732994,6.7729597,0.041252613
17.736452,5.937874,0.063528776
17.886755,6.259905,0.06894928
18.037058,6.5819354,0.06791711
17.432388,6.128898,0.047668934
17.582691,6.450929,0.047504485
17.128326,6.3199224,0.027104259
17.131416,5.458971,0.03456658
17.029032,5.80963,0.0375399
16.926647,6.1602883,0.027496338
16.850254,5.467353,0.039127707
16.747871,5.8180113,0.044689775
16.569094,5.475734,0.05357182
17.534773,5.7782397,0.05326557
17.230711,5.969264,0.039082825
17.333094,5.618605,0.042477787
16.8937,4.7359443,0.0441159
16.691776,4.985335,0.03749305
16.489855,5.2347255,0.050477207
16.662115,4.6568184,0.04678023
16.460194,4.906209,0.0428828
16.430532,4.577693,0.039035022
17.052177,5.2179623,0.029964149
16.771015,5.2263436,0.034799933
16.972939,4.976953,0.030861676
16.862455,4.5021906,0.062228084
16.630873,4.423065,0.052900493
16.39929,4.3439393,0.035137355
16.831213,4.2684374,0.07193273
16.59963,4.1893115,0.044704378
16.434433,4.078442,0.020272076
19.51978,6.6808,0.1653651
19.547678,7.1574926,0.14351231
19.057041,6.4373937,0.14093268
19.08494,6.9140863,0.11728197
18.6222,6.67068,0.10278541
19.968695,6.7895665,0.1918309
18.596548,5.69798,0.102740824
18.89499,5.866689,0.12905914
19.193436,6.035398,0.15090811
18.460152,6.0999756,0.11000669
18.758596,6.2686844,0.12787545
18.323755,6.501971,0.09074658
18.02315,5.857909,0.073128104
18.309849,5.7779446,0.08891392
18.173452,6.17994,0.08733612
17.950888,5.197413,0.03475797
18.166107,5.3642683,0.054276228
18.381329,5.531124,0.078476965
17.87941,5.444233,0.04811281
18.09463,5.6110888,0.06868911
17.80793,5.6910534,0.057721317
17.606253,5.5314193,0.04834521
17.404573,5.371785,0.03751123
17.67773,5.284599,0.034715295
17.471249,4.7794833,0.040469527
17.357971,5.005979,0.027879
17.244694,5.2324753,0.026633441
17.278732,4.7649703,0.041711092
17.165455,4.991466,0.030074775
17.086216,4.7504573,0.042537093
17.631128,4.918793,0.03473264
17.791008,5.058103,0.026756704
17.51785,5.145289,0.02547884
17.351923,4.2259502,0.09030211
17.199183,4.3959484,0.07836443
17.04644,4.565946,0.061482072
17.167938,4.1621947,0.09508419
17.015198,4.332193,0.08209592
16.983955,4.098439,0.086627126
17.431473,4.594972,0.060432076
17.238956,4.580459,0.060816705
17.391699,4.4104614,0.076509535
17.256845,3.8923662,0.073904455
17.304384,4.0591583,0.09695065
17.072863,3.828611,0.055362284
17.120401,3.9954028,0.08234525
16.936417,3.9316473,0.06038308
16.954882,3.7265782,0.023535669
18.871696,5.4919605,0.099466205
19.146847,5.285941,0.087747514
19.170141,5.66067,0.12526691
19.445292,5.4546504,0.11015087
19.468586,5.8293786,0.14952046
19.813742,5.5006332,0.11867291
18.642685,4.758744,0.060175598
18.902454,4.8658032,0.067706704
19.162226,4.9728627,0.06440276
18.627306,5.0718226,0.05522263
18.887075,5.1788816,0.07059425
18.611927,5.384901,0.07881564
18.181486,5.05119,0.042819142
18.412086,4.904967,0.04270959
18.396708,5.218045,0.054913342
17.66013,4.6430664,0.053442597
17.620354,4.458555,0.0707885
17.58058,4.2740445,0.086289644
17.84901,4.5066495,0.065482914
17.809235,4.322139,0.08000189
18.037891,4.3702326,0.07631272
18.441086,4.62924,0.06311536
18.210487,4.775463,0.044896662
17.979889,4.921686,0.03471434
18.239489,4.4997363,0.069101036
18.00889,4.6459594,0.052494228
17.82001,4.7823763,0.041578054
17.370321,3.728873,0.05435741
17.531334,3.7321715,0.06223184
17.41786,3.895665,0.08100873
17.578873,3.8989637,0.085760474
17.465397,4.062457,0.0991801
17.694054,4.110551,0.09349507
17.807528,3.9470577,0.09173
17.922709,4.158645,0.08806974
17.416197,3.5577784,0.021778286
19.286812,4.60135,0.07385796
19.354404,4.840636,0.06477666
19.027042,4.4942904,0.07839829
19.094633,4.7335763,0.07003999
18.834864,4.6265173,0.07295483
19.566044,4.582934,0.0727725
19.053751,4.2491107,0.08770478
18.861572,4.3813376,0.084712684
18.669394,4.513564,0.07620996
18.888283,4.136158,0.09168595
18.696104,4.2683845,0.086741924
18.467796,4.3840604,0.081273735
18.2662,4.2545567,0.08341366
18.494507,4.1388807,0.092297435
18.16873,3.9350014,0.09458858
18.10331,4.152617,0.08904326
18.053547,3.723414,0.080697775
17.988129,3.9410295,0.09373754
17.872948,3.7294421,0.07319635
18.397038,3.8193254,0.09515858
18.559925,3.9212651,0.099838495
18.331617,4.036941,0.09421128
17.96623,3.5358236,0.054415405
19.131296,4.0261364,0.09345651
18.561043,3.6822255,0.097568095
