x,y,c_abs_error_t71
1.8311099,38.687588,0.13489133
2.074575,38.61109,0.116683245
2.3180404,38.53459,0.108760774
2.5615056,38.458096,0.1059553
1.993373,38.8901,0.0996111
2.2464602,38.80496,0.09370804
2.4995472,38.719814,0.086661816
2.17488,39.07532,0.10765815
2.4375892,38.981537,0.08645594
2.3756309,39.24326,0.1296866
1.4549216,37.968254,0.24020922
1.7320184,37.959023,0.20789415
2.0091152,37.949795,0.17423832
2.286212,37.940563,0.15244746
1.5621117,38.218517,0.24703622
1.8483115,38.204044,0.17280644
2.1345112,38.18957,0.140549
1.6875077,38.458294,0.189592
1.9828106,38.43858,0.13650095
6.447986,38.965843,0.14581817
6.6878014,39.15118,0.10906932
6.9276166,39.336517,0.067735225
7.167432,39.521854,0.01995045
6.282333,39.28026,0.11598086
6.5301204,39.48429,0.06752974
6.777908,39.68832,0.026560754
6.116679,39.59467,0.08451849
6.372439,39.817398,0.038083643
5.951026,39.909084,0.0548684
7.1331334,38.76385,0.1334143
7.450928,38.849033,0.1411604
7.768723,38.934216,0.14478493
8.086518,39.019398,0.13590759
7.144566,39.01652,0.11721617
7.462616,39.10311,0.10531619
7.7806654,39.189705,0.060672373
7.1559987,39.269188,0.06333017
7.4743032,39.357193,0.021214336
8.828586,38.68565,0.1198636
8.578567,38.79061,0.11006713
8.33121,38.90186,0.13554135
8.630538,38.502308,0.12367496
8.381851,38.610413,0.13413164
8.135827,38.724808,0.15146184
8.432491,38.318966,0.13676596
8.185135,38.430214,0.14434537
8.234444,38.135624,0.14299452
8.861869,37.984898,0.14280134
9.05914,38.085526,0.13835874
9.256412,38.186153,0.12194222
9.453683,38.28678,0.11224365
8.850775,38.218483,0.13300976
9.053646,38.328793,0.11750397
9.256516,38.439106,0.107341975
8.83968,38.452065,0.11492804
9.048151,38.57206,0.10621217
3.2379718,39.719036,0.1259672
2.9353228,39.58808,0.13015288
2.6478758,39.42949,0.14508027
3.2805686,39.388187,0.09343207
2.9855206,39.243416,0.079704404
2.7056746,39.071003,0.06544572
3.3231654,39.057343,0.060227036
3.0357187,38.89875,0.051640093
3.3657625,38.726494,0.08228719
4.1614065,38.9873,0.10482377
4.279971,39.32223,0.12213266
4.3985353,39.657166,0.14693469
4.5171,39.992096,0.16055882
3.8535948,39.231213,0.093218625
3.9660122,39.58669,0.13131344
4.0784297,39.942165,0.16090196
3.5457833,39.475124,0.10992879
3.6520536,39.851143,0.14408624
5.477366,39.97626,0.086889565
4.999391,40.003933,0.15722889
5.7606454,39.515438,0.11639714
5.284828,39.562862,0.14178723
4.804695,39.570778,0.15413612
5.5702653,39.12179,0.15659583
5.09229,39.14946,0.16075122
5.379885,38.728146,0.17206818
1.1737292,36.94111,0.3475595
1.4947075,37.00582,0.28397608
1.8156857,37.070534,0.21433228
2.1366642,37.135246,0.17477357
1.2398866,37.29027,0.34378713
1.5746516,37.351593,0.25719315
1.9094166,37.412914,0.18904674
1.3336174,37.632652,0.31327903
1.6821691,37.690586,0.22717607
9.326107,37.456306,0.16812935
9.599195,37.529343,0.16459724
9.872282,37.60238,0.16088834
10.14537,37.67542,0.13888705
9.368632,37.73313,0.15630531
9.642258,37.805965,0.14939108
9.915883,37.8788,0.1460872
9.411158,38.009956,0.13821557
9.685321,38.082584,0.13158455
11.564095,36.468864,0.08257949
11.494565,36.253357,0.13819566
11.4250345,36.03785,0.17393392
11.355504,35.822342,0.1929965
11.735493,36.345623,0.08897835
11.667287,36.13195,0.14795786
11.599081,35.918278,0.1887447
11.909539,36.22605,0.10676432
11.842658,36.014214,0.16452014
12.086235,36.11015,0.1352925
2.1219835,35.912125,0.2611907
1.8058988,36.25512,0.2809266
1.4898139,36.598114,0.3012545
1.7350696,35.79215,0.30338258
1.4223251,36.134678,0.32691246
1.1095805,36.47721,0.35965848
1.3481557,35.672176,0.33274335
1.0387514,36.01424,0.36167943
0.9612417,35.5522,0.35369217
9.966084,36.761005,0.1840542
10.282975,36.847897,0.17192423
10.599866,36.934788,0.1507529
10.916758,37.021683,0.115701646
10.025846,37.065807,0.17650598
10.344675,37.155262,0.15343487
10.663505,37.24472,0.11760345
10.085608,37.370613,0.16006258
10.406375,37.46263,0.12388
10.833222,36.774853,0.14691195
10.749686,36.528023,0.16878575
10.666151,36.281197,0.18513647
11.128115,36.831535,0.09569147
11.04679,36.587643,0.14174026
10.965466,36.34375,0.17216668
11.343894,36.647263,0.08388254
11.26478,36.406307,0.13939774
12.52616,35.69359,0.114898294
12.388285,35.843197,0.11587551
12.241643,35.98205,0.13610277
12.307179,35.604115,0.12431073
12.164921,35.748344,0.14228058
12.013896,35.88182,0.15338409
12.0882,35.51464,0.15036228
11.941558,35.653492,0.16716433
11.869219,35.425167,0.16019607
2.0759482,34.463024,0.25698113
1.7043794,34.82608,0.2891038
1.3328105,35.18914,0.32486385
1.6320688,34.238457,0.29288548
1.2548895,34.602432,0.3240013
0.8777102,34.966408,0.3439167
1.1881893,34.013893,0.3180846
0.8053996,34.378784,0.33145583
0.74430984,33.789326,0.30859715
13.059776,35.122444,0.07145393
12.878378,35.308624,0.07614079
12.700506,35.499004,0.08404961
12.815469,35.037327,0.09674314
12.635834,35.22561,0.10058501
12.459724,35.41809,0.10954356
12.571161,34.95221,0.114097625
12.39329,35.14259,0.12163964
12.326854,34.867092,0.12734392
2.166426,32.728203,0.17189485
1.6923873,33.081913,0.22595173
1.2183486,33.43562,0.27704155
1.6512784,32.432735,0.20360225
1.1706712,32.78705,0.25771546
0.6900641,33.141365,0.24384981
1.1361307,32.137264,0.2701311
0.6489551,32.492188,0.24179351
0.62098294,31.841797,0.24845624
12.921279,34.1687,0.11397621
13.2176,34.242,0.102656364
13.513921,34.3153,0.08717409
13.810242,34.3886,0.066976696
12.967444,34.486618,0.10310638
13.263388,34.55922,0.08153039
13.559331,34.631824,0.051775455
13.01361,34.80453,0.090946466
13.3091755,34.87644,0.058988273
13.591622,33.38472,0.12169415
13.933412,33.445305,0.106059164
14.275202,33.50589,0.07268101
14.616991,33.56648,0.0155465305
13.664495,33.719345,0.12070936
14.007419,33.781197,0.102139354
14.350342,33.843044,0.037976414
13.737369,34.053974,0.10968134
14.081426,34.117085,0.07150334
14.400628,32.71706,0.10722658
14.700843,32.77092,0.10336971
15.001058,32.824783,0.09595621
15.301272,32.878647,0.08142033
14.472749,33.0002,0.08937454
14.771416,33.052834,0.07707742
15.070083,33.10547,0.05232677
14.54487,33.283337,0.05984834
14.8419895,33.334747,0.025666952
2.199348,30.855951,0.13015115
1.6732264,31.184566,0.18301582
1.1471046,31.513182,0.25765043
1.670961,30.533825,0.18989563
1.1384655,30.86253,0.2695288
0.60597,31.191233,0.2669971
1.142574,30.211699,0.27529478
0.6037047,30.540491,0.272498
0.6141869,29.889572,0.28389937
15.138894,32.214714,0.1323193
15.37001,32.272934,0.12545508
15.601127,32.331158,0.11541775
15.832242,32.38938,0.11081895
15.19302,32.436024,0.11653304
15.42317,32.4934,0.106180936
15.65332,32.550777,0.09366301
15.247147,32.657333,0.09975815
15.47633,32.713863,0.08691546
15.649534,31.891598,0.14467442
15.833046,31.91312,0.14347374
16.016558,31.934645,0.13556558
16.20007,31.95617,0.12377143
15.710437,32.057526,0.14031544
15.90054,32.084446,0.1341129
16.090645,32.111366,0.13313818
15.771339,32.223454,0.12309483
15.968035,32.255768,0.11015722
2.2797499,28.991318,0.13958257
1.7245623,29.290735,0.19374752
1.1693746,29.590153,0.27861816
1.7599926,28.64095,0.20433861
1.198614,28.93994,0.28239423
0.6372354,29.23893,0.29887068
1.2402353,28.290583,0.28795427
0.6726658,28.589144,0.30616117
0.72047794,27.940216,0.30804843
16.072948,31.767452,0.13417676
15.945827,31.578735,0.1457532
15.818705,31.39002,0.14622137
16.312374,31.782137,0.122053236
16.185835,31.594013,0.13153556
16.059298,31.40589,0.14440754
16.425846,31.609291,0.113740474
16.29989,31.42176,0.12571335
16.540483,31.437632,0.11240539
2.4302886,27.107105,0.08581835
1.8603517,27.38481,0.15316427
1.2904148,27.662512,0.24768198
1.9325256,26.73807,0.12672544
1.356562,27.014824,0.150998
0.7805984,27.291578,0.15197504
1.4347628,26.369036,0.18797791
0.8527724,26.64484,0.15417701
0.937,26.0,0.25183022
16.958448,30.716629,0.111126006
16.825024,30.960714,0.112745434
16.685701,31.201048,0.11097285
16.665253,30.70676,0.1239247
16.52888,30.948969,0.12312794
16.386608,31.187428,0.12516901
16.372057,30.696892,0.13875857
16.232735,30.937225,0.14070696
16.078861,30.687023,0.15249011
2.6549435,25.223146,0.1132226
2.0822957,25.482098,0.1542207
1.5096478,25.741049,0.21915674
2.188097,24.841393,0.15230787
1.6106178,25.099352,0.21349871
1.0331384,25.357311,0.25532246
1.7212508,24.459639,0.22973216
1.1389399,24.716606,0.21605676
1.2544043,24.077885,0.23377794
16.421799,29.755676,0.15359032
16.779427,29.748188,0.14174849
17.137056,29.7407,0.11825055
17.494684,29.733212,0.067091525
16.600681,30.075993,0.1464954
16.956474,30.067392,0.12750587
17.312267,30.058792,0.08072987
16.779564,30.39631,0.12725925
17.133522,30.386599,0.10446572
3.0792994,20.171354,0.090019226
2.7153385,20.300205,0.109138966
2.3513775,20.429056,0.14054227
1.9874164,20.557907,0.14710712
2.8016775,19.89823,0.0819546
2.4381468,20.02715,0.09930527
2.0746162,20.156069,0.100057125
2.5240557,19.625105,0.07992494
2.1609554,19.754093,0.09379578
2.2464337,19.35198,0.083874464
2.8843775,23.369287,0.19965768
2.3410532,23.605486,0.23740035
1.7977288,23.841686,0.2620961
2.4684913,22.972748,0.246027
1.9225723,23.208395,0.29366875
1.3766532,23.444044,0.27222747
2.0526052,22.576206,0.26211274
1.5040914,22.811304,0.27851373
1.6367188,22.179667,0.23907429
3.0128005,21.665962,0.1646207
2.5541067,21.837196,0.1922887
2.0954127,22.008432,0.21215606
2.6710057,21.29661,0.1694532
2.2118933,21.467733,0.20777237
1.7527809,21.638857,0.21405852
2.329211,20.92726,0.18592185
1.8696802,21.09827,0.21545708
3.0781326,19.06455,0.016433358
2.8008997,19.16036,0.037516356
2.5236669,19.25617,0.063798904
2.8637395,18.86126,0.028378725
2.5862007,18.957045,0.04845065
2.3086617,19.05283,0.0775578
2.6493464,18.657967,0.040597737
2.3715014,18.753729,0.0566532
2.4349532,18.454676,0.044794798
2.4876964,18.216167,0.028974771
2.5571673,17.983292,0.031868517
2.643366,17.756048,0.037537456
2.65789,18.412807,0.0382632
2.718997,18.177116,0.040440857
2.7968318,17.947056,0.04863745
2.8808267,18.370941,0.040381968
2.9502976,18.138065,0.050017834
3.1037633,18.329073,0.040833414
16.894823,28.543072,0.13208857
17.358011,28.512974,0.12474826
17.821198,28.482878,0.11286059
18.284386,28.45278,0.09136066
17.094778,28.939785,0.13590351
17.562815,28.912497,0.1210815
18.030853,28.885208,0.10539797
17.294731,29.336498,0.11623758
17.767618,29.31202,0.074526995
2.758639,17.512957,0.024836898
2.872948,17.269396,0.035469413
2.9862928,17.025364,0.049456418
2.9343457,17.760855,0.050702393
3.0491366,17.517529,0.049722552
3.1629636,17.273731,0.0478366
3.2253256,17.765661,0.052625358
3.3396344,17.5221,0.048659146
3.5163052,17.770468,0.04615152
17.431309,27.009161,0.12496662
17.985912,26.940346,0.12844044
18.540514,26.87153,0.14813009
19.095118,26.802715,0.17345679
17.715668,27.490368,0.11802074
18.27424,27.423737,0.11772072
18.832813,27.357107,0.12582439
18.000027,27.971573,0.10633165
18.562569,27.90713,0.09107885
3.1318502,16.69378,0.037841797
3.2879746,16.367384,0.029732108
3.454666,16.04617,0.02429974
3.3697913,17.008385,0.049503863
3.520632,16.679396,0.0391649
3.68204,16.355589,0.030673206
3.7532897,16.991407,0.053004265
3.909414,16.665009,0.04261279
4.1367884,16.974428,0.059031725
19.900255,25.199503,0.24032936
19.612156,24.829296,0.23466268
19.324057,24.459091,0.22526395
19.035957,24.088886,0.21946323
20.10933,24.771168,0.22891694
19.81634,24.398634,0.21634084
19.52335,24.026098,0.20816895
20.308622,24.338175,0.1877959
20.010742,23.963312,0.18903461
20.498135,23.900524,0.15024883
18.220798,25.420376,0.17073452
18.780617,25.346752,0.20843574
19.340437,25.273127,0.22933584
18.512238,25.881155,0.17775854
19.070036,25.806412,0.21181625
19.627832,25.731668,0.227994
18.803679,26.341936,0.18087721
19.359453,26.266073,0.19416666
4.1849303,14.782154,0.011768997
4.4284515,15.157156,0.017533243
4.671973,15.532158,0.015802324
4.9154944,15.907159,0.016463518
3.935175,15.199855,0.010652304
4.1818633,15.576675,0.016137421
4.4285517,15.953496,0.018511772
3.6917536,15.621193,0.014858663
3.9416087,15.999833,0.024481297
20.261969,23.594294,0.16876349
20.025803,23.288061,0.17291352
19.789637,22.98183,0.1688743
20.667843,23.588467,0.1444236
20.432922,23.283232,0.16579339
20.198,22.977997,0.17071986
20.84004,23.2784,0.15317988
20.606363,22.974161,0.17204282
21.014727,22.970325,0.1748017
5.746736,14.715966,0.0403803
5.2261343,14.738029,0.027226508
4.705532,14.760092,0.017882705
5.528395,14.267434,0.020683348
5.003923,14.287075,0.0127360225
4.4794507,14.306716,0.0073724985
5.3100543,13.818902,0.0090069175
4.781712,13.836121,0.0042909384
5.091714,13.37037,0.0020982027
6.402071,13.388434,0.019253135
5.9652853,13.382413,0.010949373
5.5284996,13.376391,0.0056088567
6.2493963,12.980816,0.008895218
5.8098593,12.972907,0.00384897
5.3703227,12.964998,0.00067567825
6.096721,12.573198,0.002384901
5.6544333,12.563401,0.00094896555
5.944046,12.16558,0.0012592077
6.1626697,11.872422,0.004494071
6.3841157,11.581364,0.020076275
6.608384,11.292405,0.022399545
6.29282,12.230606,0.0007261634
6.5128546,11.9384985,0.0020964146
6.735712,11.64849,0.008421123
6.6415935,12.295633,0.0051561
6.8630395,12.004575,0.003929913
6.990367,12.36066,0.009811997
21.354822,21.976885,0.15187296
21.263784,22.31777,0.16223279
21.15042,22.648916,0.16666892
20.999828,22.01679,0.17521957
20.897629,22.352806,0.18046618
20.7731,22.679085,0.17743403
20.644836,22.056696,0.19460166
20.531471,22.387844,0.19046727
20.289843,22.096603,0.2057719
7.113325,10.65193,0.026114762
7.2484484,10.918311,0.0068279505
7.383572,11.184692,0.0013180375
7.518696,11.451073,0.0066446066
6.9458117,10.865777,0.01628244
7.0805354,11.131981,0.0048573017
7.2152586,11.398184,0.0023277998
6.7774982,11.079268,0.02264154
6.9118214,11.345294,0.009054661
20.60423,21.081722,0.14964741
20.955902,20.98915,0.13171151
21.307573,20.896576,0.12326896
21.659243,20.804003,0.11849749
20.854427,21.38011,0.15185913
21.20197,21.286026,0.13182855
21.549511,21.191942,0.11538482
21.104624,21.678497,0.15779689
21.448036,21.582903,0.12736246
7.255689,10.428331,0.02950406
7.3928504,10.2002125,0.03764665
7.52481,9.967575,0.03605789
7.3830104,10.672556,0.01622665
7.5227733,10.446697,0.021953523
7.657334,10.216319,0.022710204
7.652696,10.693181,0.007825196
7.789858,10.465063,0.008328736
7.9223814,10.713807,0.0027419925
21.949673,19.762985,0.1629749
21.868174,20.114244,0.16767699
21.771364,20.46125,0.14131457
21.596424,19.851046,0.16228181
21.507269,20.20018,0.15708423
21.402803,20.545057,0.13673392
21.243174,19.939108,0.15837985
21.146364,20.286114,0.14923054
20.889923,20.02717,0.15840408
8.279898,10.064376,0.00020766258
8.028202,10.032109,0.005373776
7.776506,9.999842,0.02229774
8.221829,9.7537365,0.013649166
7.9626966,9.7155905,0.02460903
7.703564,9.6774435,0.03908634
8.163761,9.443097,0.03431225
7.8971915,9.399072,0.039474428
8.105693,9.132458,0.048883438
21.218636,19.19501,0.13810375
21.47775,19.062181,0.13422644
21.736866,18.929354,0.13321441
21.995981,18.796526,0.13948831
21.462315,19.384335,0.1443069
21.733776,19.252008,0.14085561
22.005236,19.11968,0.132305
21.705994,19.57366,0.1539115
21.9898,19.441833,0.14763659
8.3881,8.8413105,0.048392296
8.68257,8.5621195,0.03248751
8.989104,8.294884,0.0117070675
8.472286,9.319877,0.027451217
8.760725,9.034707,0.023488045
9.061227,8.761494,0.009485483
8.83888,9.507296,0.005866289
9.133349,9.228104,0.0032534003
9.205472,9.694715,0.009477735
21.030516,18.234673,0.15482298
21.340664,18.020031,0.15744677
21.650812,17.80539,0.1630595
21.960958,17.590748,0.17646173
21.352337,18.421957,0.14531386
21.663538,18.207031,0.15106443
21.97474,17.992105,0.1640921
21.67416,18.609241,0.13908282
21.986412,18.394032,0.14940235
10.384088,8.805652,0.028227925
9.919093,8.635396,0.0075381994
9.454099,8.465139,0.0034817457
10.309112,8.309073,0.011015475
9.840928,8.135521,0.0021549463
9.3727455,7.961969,0.009745359
10.234136,7.8124943,0.011913598
9.762763,7.635646,0.029925466
10.159159,7.3159156,0.03629476
20.744534,16.838081,0.17474997
21.124409,16.54849,0.20410898
21.504282,16.2589,0.27243522
21.884157,15.969309,0.31751683
21.15001,17.08897,0.16835907
21.531736,16.799046,0.2092829
21.913462,16.50912,0.2685507
21.555485,17.339859,0.17463568
21.939062,17.0496,0.19594729
11.735447,7.8928814,0.0633868
11.210017,7.7005596,0.024305284
10.684588,7.5082374,0.009912729
11.706556,7.3341937,0.031533718
11.176788,7.1363416,0.007707298
10.64702,6.9384894,0.026184022
11.677667,6.7755055,0.0095642805
11.143559,6.5721235,0.0030636787
11.648776,6.216818,0.00503397
20.375446,15.13151,0.24917129
20.834192,14.774809,0.25244316
21.29294,14.418108,0.27950832
21.751688,14.061407,0.32446122
20.87835,15.410776,0.23247004
21.339558,15.053933,0.24154696
21.800766,14.69709,0.2617369
21.381254,15.6900425,0.26779926
21.844921,15.333057,0.26188183
13.108899,6.8282256,0.07161844
12.622191,6.624423,0.040884614
12.135484,6.4206204,0.012607932
13.13929,6.2960696,0.0449906
12.648681,6.08608,0.01800841
12.1580715,5.87609,0.0049060583
13.169681,5.7639136,0.023982406
12.67517,5.5477366,0.0064066052
13.20007,5.2317576,0.014670372
20.136013,13.245154,0.3204601
20.61495,12.870557,0.32853848
21.093887,12.495959,0.3176075
21.572824,12.121362,0.31180292
20.674572,13.517239,0.32727647
21.155918,13.142858,0.33168626
21.637266,12.7684765,0.34227464
21.21313,13.789323,0.3181876
21.696888,13.415158,0.348875
14.317107,5.8203974,0.09616017
13.944762,5.624184,0.058991253
13.572416,5.427971,0.024991095
14.3862295,5.383748,0.072491944
14.0114765,5.1829047,0.040125847
13.636724,4.982061,0.020842671
14.455352,4.947099,0.046984017
14.078192,4.7416253,0.028606415
14.524474,4.51045,0.03791541
19.914343,11.324363,0.3052783
20.393957,10.944744,0.3177447
20.87357,10.565126,0.34801003
21.353184,10.185508,0.37317362
20.46717,11.590029,0.3208232
20.949034,11.210986,0.34017622
21.430899,10.8319435,0.37132856
21.019997,11.855695,0.31004918
21.504112,11.477227,0.3372203
15.385134,5.0795894,0.09628272
15.098247,4.8898764,0.080028
14.81136,4.700163,0.055469632
15.435968,4.7295804,0.07860857
15.147846,4.5371013,0.060346782
14.859723,4.3446226,0.03602916
15.486804,4.379571,0.06785691
15.197445,4.1843266,0.04181999
15.53764,4.029562,0.05884427
19.69707,9.42771,0.28276202
20.163641,9.036551,0.29827133
20.630213,8.645394,0.28122693
21.096785,8.254236,0.26995158
20.249107,9.680309,0.31496418
20.71776,9.290068,0.3286308
21.186413,8.899827,0.31392282
20.801146,9.932908,0.34574097
21.27188,9.543584,0.3576185
16.19895,4.498567,0.08985633
15.978513,4.342232,0.087968886
15.758077,4.185897,0.0756948
16.23409,4.23307,0.09781641
16.013304,4.075729,0.08532369
15.792516,3.9183877,0.06628066
16.269234,3.9675725,0.099099934
16.048096,3.8092253,0.07883054
16.304377,3.7020752,0.08657986
19.575577,7.634186,0.20822558
19.996593,7.266259,0.2367273
20.41761,6.898333,0.26956248
20.838627,6.530407,0.27332148
20.082645,7.8408694,0.20993087
20.505426,7.473792,0.24561459
20.928207,7.1067147,0.28052482
20.589716,8.047553,0.22547236
21.01426,7.6813245,0.24956334
16.79997,4.0346837,0.13274628
16.634773,3.9238143,0.12709475
16.469574,3.8129447,0.10459125
16.818436,3.8296149,0.13159102
16.6556,3.723436,0.11188084
16.492764,3.617257,0.09181756
16.836899,3.6245458,0.11169118
16.676426,3.5230577,0.09557325
16.855364,3.4194767,0.09662843
20.389711,6.4216404,0.2642872
19.940796,6.312874,0.25885764
19.49188,6.2041073,0.24499005
20.759354,6.0818777,0.25170982
20.298195,5.97862,0.2545599
19.837036,5.875362,0.25068787
20.655594,5.644366,0.2352635
20.182192,5.5466166,0.229328
20.527346,5.2178707,0.2098161
17.209309,3.7255743,0.13221717
17.091326,3.6235418,0.12478888
16.973345,3.5215092,0.110102594
17.255184,3.5544796,0.12205505
17.133492,3.4441493,0.11027712
17.011799,3.3338192,0.098311186
17.30106,3.383385,0.10866028
17.175655,3.264757,0.10150182
17.346935,3.2122903,0.089740515
20.056915,4.3068156,0.14036995
20.243841,4.595356,0.17022243
20.400652,4.899041,0.1902807
19.845276,4.564518,0.15243188
20.017143,4.8606305,0.16653869
20.158895,5.171888,0.19335446
19.633636,4.82222,0.16154918
19.790445,5.125905,0.18005607
19.421997,5.0799217,0.1707519
17.5509,3.1726913,0.09767866
17.75932,3.1534662,0.09486854
17.972195,3.154615,0.09892416
17.462072,3.3866837,0.10802609
17.668264,3.3572717,0.11299133
17.878912,3.3482335,0.11624497
17.57721,3.5610769,0.11928433
17.78563,3.5418518,0.12097412
17.692347,3.7354703,0.12555349
19.219221,4.3620634,0.14434612
19.296764,4.139089,0.12995118
19.37431,3.9161146,0.122442424
19.451853,3.69314,0.11281943
19.498453,4.3436475,0.14081362
19.586876,4.111452,0.1225906
19.675299,3.8792565,0.10805833
19.777683,4.3252316,0.1360828
19.876986,4.083815,0.11397922
18.234148,3.7173858,0.13014299
18.14683,3.5297954,0.12492138
18.059513,3.3422053,0.12313712
18.398155,3.5802855,0.13346326
18.312643,3.3804789,0.129157
18.227133,3.1806722,0.11958802
18.56216,3.4431856,0.13825095
18.478456,3.2311623,0.10711515
18.726168,3.3060856,0.13900697
18.722815,4.023205,0.13475186
18.723932,3.7841651,0.13323879
18.72505,3.5451252,0.1373797
18.965826,3.9131832,0.12913156
18.975128,3.6627398,0.13647068
18.98443,3.4122963,0.12205613
19.20884,3.8031616,0.12461233
19.226324,3.5413144,0.16920608
2.469741,38.285583,0.123716176
2.2262757,38.362083,0.12515724
2.3779764,38.113075,0.13902187
6.904751,38.831184,0.13483816
6.916184,39.08385,0.10929316
6.6763687,38.898514,0.14183211
7.556132,38.234528,0.14253008
7.7329273,38.49615,0.14908755
7.9097223,38.757774,0.15757787
7.4151325,38.41097,0.14164054
7.5919275,38.672592,0.14744684
7.2741327,38.58741,0.13906425
8.00834,38.16859,0.14674026
7.959031,38.463184,0.15356556
7.782236,38.201557,0.14516252
8.652727,38.03514,0.1405442
8.641633,38.268723,0.13219926
8.443585,38.08538,0.14130902
2.7449021,38.28141,0.11655098
2.6531377,38.1089,0.13170236
2.5613732,37.93639,0.14636374
2.9282987,38.104725,0.12891513
2.8365343,37.932213,0.14237171
3.1116955,37.92804,0.141891
2.829591,38.54756,0.09201294
3.0976768,38.637028,0.07890922
2.767633,38.809284,0.06832838
3.1963844,38.19419,0.12793791
3.2810733,38.460342,0.10615003
3.0129879,38.370876,0.10550767
3.6309772,38.81343,0.08873975
3.8961918,38.900364,0.09429014
3.58838,39.144276,0.07589489
6.091953,38.886612,0.16676825
5.926299,39.201023,0.14499235
5.735919,38.807377,0.17520487
4.567566,38.900913,0.13255244
4.973726,38.81453,0.16199553
4.6861305,39.235847,0.14368427
2.8099315,37.40873,0.1393618
2.9105196,37.581833,0.1387679
3.0111074,37.754936,0.13896924
2.6353583,37.586006,0.14530385
2.7359464,37.75911,0.14204627
2.4607852,37.763287,0.1500296
3.009824,37.357628,0.13242978
3.2097166,37.306522,0.12747627
3.409609,37.25542,0.12278408
3.1104121,37.53073,0.13660705
3.3103044,37.479626,0.13375592
3.211,37.703835,0.14051336
2.2363627,37.672127,0.1570394
1.959266,37.681355,0.17613411
2.1865134,37.403687,0.16241723
2.585509,37.31757,0.14771146
2.4109359,37.494846,0.15339196
2.3610866,37.226406,0.15766793
7.567591,37.990646,0.13984764
7.57905,37.74677,0.13288778
7.5905094,37.50289,0.12597829
7.793695,37.95768,0.13891518
7.8051543,37.713802,0.13099927
8.019799,37.924713,0.1389465
6.9578114,38.47685,0.13935709
6.729429,38.544178,0.14761293
6.5010467,38.61151,0.15793234
6.7824893,38.189842,0.15290016
6.5541067,38.257175,0.16465211
6.6071672,37.90284,0.15990603
6.145013,38.532276,0.18111491
5.788979,38.45304,0.18731135
6.1980734,38.17794,0.1892426
7.2398105,38.123962,0.14096683
6.9234886,38.0134,0.14699644
7.2512693,37.880085,0.13877511
6.934948,37.769524,0.1430881
7.2627287,37.636208,0.13427162
7.0988107,38.300407,0.13845336
8.735597,37.785393,0.14877728
8.526455,37.835636,0.14218199
8.317313,37.88588,0.13917962
8.6093235,37.585888,0.14644241
8.400182,37.63613,0.13996965
8.483051,37.386383,0.14035374
8.185537,37.42522,0.12726307
8.102668,37.674965,0.1311478
7.8880234,37.464054,0.12100893
9.016615,37.8087,0.1522941
9.171361,37.632504,0.1604591
9.213886,37.90933,0.14851907
8.890343,37.609196,0.15737525
8.76407,37.40969,0.15787497
9.045089,37.433,0.16540828
7.954517,36.817905,0.11188543
8.130695,37.007397,0.11542529
8.306873,37.19689,0.1290788
7.833181,37.046234,0.108174145
8.009359,37.235725,0.11382818
7.711845,37.274563,0.11635703
4.186655,38.584507,0.136442
4.2119036,38.181717,0.17854267
4.237152,37.778927,0.16476351
4.5928144,38.498123,0.15587902
4.6180634,38.095333,0.16979253
4.9989743,38.41174,0.16918665
3.9214404,38.497574,0.13458377
3.6562257,38.410637,0.13258249
3.946689,38.09478,0.18236917
3.6854568,37.429924,0.13198674
3.9613044,37.604424,0.15461272
3.5861523,37.65413,0.1496175
3.862,37.82863,0.17282331
3.4868476,37.878334,0.16199172
3.5715368,38.144485,0.15532279
5.493349,37.52784,0.11891925
5.455528,37.92794,0.16694355
5.4177065,38.32804,0.18038893
5.074617,37.611534,0.110690355
5.0367956,38.011635,0.16063446
4.6558847,37.69523,0.1348837
5.864622,37.65284,0.15629661
6.2358947,37.77784,0.1704368
5.826801,38.05294,0.19192934
2.8643565,37.152718,0.13644677
2.639934,37.061558,0.14920515
2.4155116,36.970398,0.1636951
2.9187815,36.89671,0.13633293
2.694359,36.80555,0.15386951
2.9732065,36.6407,0.13694054
3.2641416,37.050514,0.12164903
3.064249,37.101616,0.12806767
3.118674,36.845608,0.12720376
3.5695508,37.070248,0.11234492
3.4240832,36.86534,0.117887974
3.2786157,36.660435,0.12552667
3.7294927,36.885075,0.10407859
3.5840251,36.680164,0.11559081
3.8894343,36.699898,0.10529196
3.8453984,37.244747,0.114145994
4.00534,37.059574,0.09262955
4.1212463,37.41925,0.12331015
2.1317706,36.72754,0.20156729
1.8107922,36.662827,0.24509323
2.126877,36.31983,0.23865336
2.6894655,36.397842,0.1718812
2.410618,36.56269,0.18927556
2.4057245,36.154984,0.21724409
7.4313593,37.235474,0.122163
7.1035786,37.36879,0.13341534
6.775798,37.50211,0.13864255
7.272209,36.96806,0.124096155
6.9444284,37.101376,0.13001412
7.113059,36.700645,0.12983221
7.674031,36.77882,0.11444032
7.552695,37.007145,0.115682244
7.393545,36.73973,0.12309557
6.1432843,36.79898,0.09618986
6.4665422,36.7662,0.1126349
6.7898006,36.73342,0.12678635
6.2979116,37.16693,0.112870514
6.62117,37.134155,0.11878073
6.4525394,37.534885,0.14394414
5.7099943,37.284885,0.09921187
5.926639,37.04193,0.08544952
6.081267,37.409885,0.13165277
9.81252,37.297577,0.1747143
9.539433,37.224537,0.1773732
9.752758,36.99277,0.18647742
10.432796,36.44113,0.17910573
10.516331,36.68796,0.16680324
10.19944,36.601067,0.1801416
11.125719,35.975292,0.2003605
11.19525,36.1908,0.17767397
10.895935,36.128242,0.19688025
9.176317,37.121666,0.18064472
9.026527,36.78703,0.18651673
8.876737,36.452393,0.18903893
9.389643,36.8899,0.18856153
9.239853,36.555264,0.19604823
9.602968,36.658134,0.19016922
8.61428,37.075054,0.15203369
8.745508,36.76372,0.17052299
8.895298,37.098362,0.17253461
8.261924,36.696068,0.13055348
8.56933,36.57423,0.16059726
8.438102,36.88556,0.14033413
7.9026313,36.514034,0.119672835
7.850745,36.210167,0.1289199
7.7988596,35.906296,0.1392842
8.210038,36.392197,0.1361441
8.158152,36.08833,0.14204884
8.517445,36.27036,0.16556484
7.622145,36.47495,0.12403363
7.341659,36.43586,0.13109481
7.5702596,36.171078,0.13255227
10.7353735,35.540413,0.18421143
10.942083,35.634388,0.19143006
11.148793,35.728363,0.19304109
10.712299,35.78734,0.1948817
10.919009,35.881317,0.19934022
10.689225,36.034267,0.19616458
11.697981,35.557556,0.17070943
11.770319,35.785885,0.17845836
11.526742,35.68995,0.18176493
11.31114,35.289803,0.1670421
11.497167,35.334923,0.16538674
11.683193,35.380043,0.16326395
11.325928,35.467316,0.17564866
11.511954,35.512436,0.17348018
11.340715,35.64483,0.18437997
11.119218,35.37334,0.1742337
11.134006,35.550854,0.1841611
10.927296,35.456875,0.18156528
5.352923,37.148125,0.053975165
4.9341908,37.23182,0.052835345
4.515458,37.315517,0.086042166
5.2124968,36.76841,0.045156717
4.7937646,36.852104,0.04380989
5.0720706,36.388695,0.072472095
5.786213,36.66222,0.08347595
5.569568,36.90517,0.05425304
5.4291415,36.525455,0.073271275
4.2836466,36.596165,0.09080273
4.6778584,36.49243,0.07613021
4.3995523,36.95584,0.06068176
3.1952772,36.230217,0.14099538
2.9115365,35.98736,0.16074753
2.6277955,35.7445,0.20323873
3.4173481,35.819736,0.1509127
3.1336071,35.576878,0.1650058
3.639419,35.409252,0.15834224
3.8060958,36.269684,0.13430637
3.5006866,36.24995,0.1363247
3.7227576,35.83947,0.15027714
4.200308,36.16595,0.12836617
4.1169696,35.735733,0.14681876
4.59452,36.062214,0.11585212
2.1066384,35.429092,0.26315492
1.7197245,35.309116,0.29469967
2.0912933,34.946056,0.25805706
2.6124504,35.261467,0.21491921
2.5971053,34.778435,0.21681303
3.118262,35.09384,0.1848256
6.2391143,36.357613,0.116892934
6.3349447,35.916245,0.13433355
6.4307747,35.474876,0.14933276
6.5623727,36.324833,0.12785232
6.6582026,35.883465,0.14294344
6.885631,36.292053,0.13879901
7.114231,36.02727,0.14449972
6.886803,35.618683,0.1571418
7.342831,35.76249,0.15086174
5.8820434,36.22085,0.11203456
5.524972,36.08409,0.10867751
5.9778733,35.779484,0.13069856
10.399228,36.080475,0.1892418
10.165873,36.24041,0.18503028
9.932516,36.400345,0.1863474
10.132305,35.87975,0.18349114
9.898949,36.03969,0.18503898
9.865381,35.679028,0.17967314
10.445376,35.586617,0.18229723
10.422302,35.833546,0.19048339
10.155379,35.632824,0.1800308
9.569401,36.297474,0.19342381
9.206285,36.194603,0.20378262
9.535833,35.936817,0.19301122
10.370044,35.0308,0.1650275
10.49182,35.20067,0.16947371
10.613597,35.37054,0.17610914
10.201823,35.246876,0.17188239
10.3236,35.416748,0.17617458
10.033603,35.46295,0.17520732
9.4909115,35.520184,0.17972517
9.161364,35.777973,0.19808018
8.831815,36.03576,0.19661832
9.116441,35.36134,0.17498255
8.786893,35.619125,0.18215823
8.741971,35.20249,0.16656077
8.11323,35.671696,0.15333837
8.427601,35.437096,0.16737545
8.472523,35.85373,0.16928178
7.6674805,34.800606,0.18229985
8.025644,34.934566,0.17780596
8.383807,35.06853,0.1683672
7.7112737,35.16917,0.17470789
8.069437,35.30313,0.166937
7.7550664,35.537735,0.15709764
7.255245,35.025364,0.18221617
7.2990384,35.393925,0.16692638
6.84301,35.25012,0.16952986
11.1897745,35.145824,0.16127867
10.997852,35.229362,0.1679337
10.80593,35.312897,0.17364904
11.068408,35.00185,0.15689877
10.876486,35.085384,0.16310456
10.947042,34.857872,0.15567553
10.562376,34.973156,0.16123745
10.754709,34.915512,0.1575157
10.684154,35.14303,0.16697383
12.021764,35.23914,0.14480692
12.174309,35.053116,0.13343486
12.240745,35.328617,0.13097167
11.782619,35.206116,0.15371257
11.696021,34.98707,0.14863306
11.609422,34.768017,0.1465854
11.935164,35.020092,0.14311713
11.848566,34.80104,0.14258394
12.087709,34.834064,0.13610566
11.410567,35.115875,0.15689942
11.5099945,34.941948,0.15145025
11.596594,35.160995,0.15559587
11.289202,34.971897,0.15448856
11.167835,34.82792,0.15328094
11.388628,34.79797,0.14998776
4.1356826,35.120667,0.15073037
4.6319466,34.83208,0.14967716
5.12821,34.543495,0.15391558
4.613233,35.447147,0.14203763
5.109497,35.15856,0.15087062
5.0907836,35.77363,0.12256074
5.9965863,35.164413,0.14728093
5.543685,35.46902,0.13641644
5.5623984,34.853954,0.15991604
3.6506188,33.613445,0.109261155
3.6468854,34.212048,0.12414932
3.6431522,34.81065,0.1554389
3.1257286,33.89664,0.13860857
3.1219954,34.495243,0.16542572
2.6008384,34.179832,0.19906467
4.6356797,34.23348,0.1309759
4.1394157,34.522064,0.12883282
4.1431494,33.923462,0.10415274
2.1061075,33.88475,0.2430346
1.662228,33.660183,0.26619172
2.1362667,33.306477,0.20595062
2.661157,33.023285,0.13678658
3.1558878,33.318367,0.11564481
2.6309977,33.60156,0.16992253
6.5456195,34.873512,0.17735201
6.111431,34.563053,0.18915582
5.677243,34.25259,0.19263399
6.6604643,34.27215,0.2244814
6.226276,33.96169,0.23476154
6.775309,33.670784,0.2220282
7.37009,34.424,0.2009744
6.9578547,34.648754,0.20631081
7.0726995,34.047394,0.23043752
9.677385,34.587376,0.1475442
9.740051,34.95126,0.16131532
9.802716,35.315144,0.17257297
9.365581,34.792416,0.15187484
9.4282465,35.1563,0.16559184
9.053776,34.997456,0.15658748
10.139157,34.88299,0.16160047
9.970937,35.099068,0.16774106
9.908272,34.735184,0.15517056
10.403185,34.839054,0.15840465
10.436325,34.647305,0.15259218
10.469466,34.45556,0.14660293
10.595517,34.78141,0.15554789
10.628658,34.589664,0.151227
10.78785,34.723766,0.15376976
10.205439,34.4995,0.14718693
10.172298,34.691246,0.15389603
9.941412,34.543438,0.1477384
9.307089,34.32158,0.13880223
8.995284,34.52662,0.14557165
8.683479,34.731655,0.15607035
8.936793,34.055782,0.14160407
8.624989,34.26082,0.14798564
8.566497,33.78998,0.1485061
7.9671526,34.46373,0.17257488
8.266825,34.126858,0.15433532
8.325316,34.597694,0.16324723
7.669762,34.087124,0.18486243
7.3723717,33.710518,0.19412208
7.9694343,33.75025,0.15141582
12.524996,34.634293,0.12124744
12.723137,34.401497,0.11616731
12.769303,34.719414,0.109850496
10.999196,34.587345,0.15162146
11.05135,34.316822,0.148078
11.103503,34.0463,0.14619672
11.219989,34.557396,0.15000692
11.272142,34.286873,0.1476331
11.440783,34.527447,0.14765078
10.680812,34.31914,0.14557648
10.892158,34.18272,0.1463247
10.840004,34.453243,0.14968494
12.209594,34.586212,0.13302708
12.092334,34.30533,0.13732803
11.975075,34.02445,0.13964063
12.407736,34.353413,0.12773219
12.290476,34.072533,0.1331769
12.605878,34.120617,0.12394574
11.731306,34.52016,0.14396325
11.85319,34.272305,0.14209688
11.970449,34.553185,0.13964146
11.68455,34.031734,0.14307535
11.562667,34.27959,0.14528966
11.394027,34.039017,0.14529595
13.441048,33.980675,0.113621056
13.144727,33.907375,0.11893746
13.368175,33.646046,0.12502807
14.20308,33.22275,0.08627102
13.861291,33.162167,0.10793668
14.1309595,32.939613,0.099372625
4.161722,33.321587,0.10425711
4.6728253,33.029728,0.107415676
5.1839285,32.737865,0.108501256
4.6542525,33.631603,0.11800456
5.1653557,33.33974,0.13318205
5.146783,33.941616,0.15181428
5.714389,33.04884,0.16376686
6.2448487,33.359814,0.20172685
5.695816,33.650715,0.19087464
2.6800668,32.420692,0.114990056
3.1937077,32.113186,0.08285099
3.7073483,31.805676,0.08121866
3.1747978,32.715775,0.096215725
3.6884384,32.408264,0.0881834
3.6695285,33.010857,0.10288936
4.6917353,32.427135,0.0849427
4.180632,32.718998,0.09683365
4.199542,32.116405,0.0794127
1.6622523,31.808651,0.18771195
2.188374,31.480036,0.13137853
2.1774,32.10412,0.14185625
3.2046816,31.489101,0.096364856
2.6910408,31.79661,0.10535008
2.702015,31.172527,0.11851871
7.8570976,32.498894,0.13099319
8.093564,32.929256,0.122997105
8.33003,33.35962,0.14320707
7.4965014,32.889523,0.13957334
7.732968,33.31989,0.13974959
7.1359053,33.280155,0.18171579
6.5931735,31.849783,0.15175945
6.6538854,32.456783,0.16622478
6.714597,33.063786,0.18167585
6.1234255,32.14581,0.10619497
6.184137,32.75281,0.16006571
5.653677,32.441837,0.11150384
7.4357896,32.282524,0.1641357
7.0751934,32.673153,0.17333674
7.0144815,32.06615,0.18178439
10.361884,34.137497,0.13582194
10.254302,33.81943,0.13249075
10.14672,33.501366,0.1373806
10.57323,34.001076,0.1387617
10.465648,33.68301,0.13554162
10.784575,33.864655,0.14044422
9.83383,34.225372,0.13472235
9.463534,33.959576,0.13792032
9.093238,33.69378,0.16072601
9.990275,33.86337,0.13044626
9.619979,33.597572,0.14791965
10.097857,34.181435,0.13365489
9.073307,32.307762,0.15822887
9.431111,32.70563,0.1816836
9.788916,33.1035,0.16242194
8.90437,32.801834,0.18913478
9.262175,33.199703,0.18877643
8.735434,33.29591,0.1773591
8.262501,32.43518,0.13712674
8.667904,32.37147,0.14832896
8.498967,32.865547,0.15820271
12.786226,33.839237,0.12605882
12.651174,33.509773,0.13814953
12.516121,33.18031,0.14498818
13.009674,33.57791,0.13118705
12.874621,33.248444,0.14584064
13.233122,33.31658,0.13641736
12.155423,33.74307,0.13696676
12.335772,33.46169,0.13864183
12.470824,33.791153,0.13327435
11.773957,33.72113,0.13977963
11.57284,33.417812,0.13714653
11.371723,33.11449,0.13340098
11.954306,33.43975,0.13738266
11.753189,33.13643,0.13441974
12.134655,33.15837,0.13737395
11.19291,33.735695,0.14185214
11.282316,33.425095,0.13715684
11.483434,33.728413,0.1411199
10.873982,33.554054,0.13849789
10.555055,33.37241,0.13819826
10.963388,33.24345,0.13347214
14.892806,32.38216,0.12456551
14.946932,32.603474,0.112244785
14.646717,32.54961,0.11611739
15.479321,31.999302,0.13740942
15.540224,32.16523,0.13071626
15.309108,32.107006,0.13597202
13.48689,33.0188,0.13013428
13.382158,32.65288,0.14491498
13.277426,32.28696,0.15882269
13.756558,32.796246,0.11771214
13.651827,32.43033,0.13784066
14.026227,32.573692,0.11765024
13.128389,32.950665,0.15102082
12.769889,32.882526,0.15596136
13.023658,32.584743,0.16256419
14.376654,32.4191,0.122181326
14.35268,32.121147,0.13373697
14.328706,31.82319,0.13662186
14.622743,32.251656,0.13165662
14.598768,31.953697,0.14301538
14.868832,32.084206,0.14104831
13.978279,31.97778,0.13366982
14.002254,32.275738,0.13026768
13.627852,32.13237,0.15023568
4.221201,31.518461,0.08413476
4.735054,31.231245,0.10108793
5.2489066,30.94403,0.12227899
4.7133946,31.829191,0.075785756
5.227247,31.541977,0.09451246
5.205588,32.13992,0.076982856
6.1450844,31.547865,0.12228149
5.6753364,31.843893,0.08893144
5.6969957,31.245949,0.1279046
2.7289739,30.566637,0.124381125
3.2585995,30.27732,0.104940414
3.7882254,29.988007,0.06681931
3.2316406,30.883211,0.11131817
3.7612665,30.593895,0.08377856
3.7343075,31.199785,0.0931862
4.762013,30.625357,0.101444244
4.24816,30.91257,0.09099871
4.2751193,30.30668,0.07338828
2.2261486,30.234407,0.13902259
1.6977617,29.912281,0.19466549
2.2529492,29.612862,0.14029807
3.2854002,29.655777,0.09603953
2.7557745,29.945091,0.1262623
2.7825751,29.323547,0.11754811
7.9217887,32.048683,0.14219773
7.5004807,31.832312,0.16077769
7.0791726,31.615942,0.17045307
7.9864798,31.598473,0.1235317
7.5651717,31.382101,0.12865078
8.05117,31.148262,0.09427804
8.327192,31.984972,0.13439447
8.391883,31.534761,0.10931265
8.732595,31.92126,0.12487304
6.6713114,31.266113,0.14664477
6.2232223,30.964195,0.14905101
5.7751336,30.66228,0.13931042
6.7494493,30.682444,0.13949418
6.3013606,30.380527,0.13906288
6.827587,30.098776,0.13935101
7.6433096,30.798433,0.10387707
7.1573105,31.032272,0.12981945
7.2354484,30.448605,0.12656975
9.301704,31.054893,0.11503255
9.225572,31.472515,0.11866039
9.14944,31.890139,0.12906736
8.88486,31.086016,0.0873912
8.808727,31.50364,0.1044386
8.468015,31.11714,0.09190112
11.0867,32.69405,0.13162696
10.678366,32.82301,0.13832182
10.270032,32.95197,0.14798272
10.801678,32.27361,0.13960302
10.393343,32.40257,0.15524441
10.516655,31.85317,0.15394813
9.554423,32.15623,0.15886736
10.035539,32.0047,0.18096107
9.912228,32.5541,0.16777295
9.706688,31.320986,0.15717274
10.111671,31.587078,0.17368901
9.630555,31.73861,0.15637529
12.330613,32.82105,0.14454454
12.145106,32.461784,0.14033961
11.9595995,32.102524,0.13492864
12.584382,32.523266,0.1547558
12.398875,32.164005,0.15065253
12.83815,32.225483,0.16667962
11.567682,32.77717,0.13232094
11.76364,32.439846,0.13292259
11.949148,32.799107,0.13373268
11.478618,32.019405,0.12849605
11.28266,32.356728,0.13146949
10.997637,31.936289,0.13010973
15.475689,31.774902,0.14581552
15.305476,31.882607,0.14353454
15.1352625,31.990313,0.14046744
15.301844,31.658207,0.1433326
15.131631,31.765911,0.14284524
15.127999,31.541512,0.1405567
14.8615675,31.635405,0.13811946
14.8652,31.859804,0.1431556
14.595137,31.729298,0.13702378
15.705924,31.724405,0.14672783
15.762315,31.557213,0.14650589
15.889436,31.745928,0.14626953
15.53208,31.60771,0.1455088
15.358234,31.491014,0.1425735
15.5884695,31.440517,0.14527339
14.568277,31.120335,0.11981171
14.754851,31.260727,0.1280219
14.941425,31.40112,0.13495389
14.4884205,31.35462,0.12374073
14.6749935,31.495012,0.13233921
14.408563,31.588905,0.12957674
12.582973,31.294918,0.104151845
12.814457,31.625599,0.13694751
13.045941,31.95628,0.16204232
12.375182,31.564121,0.11997032
12.606666,31.894802,0.14838457
12.167391,31.833323,0.13004547
14.096926,31.562841,0.12399846
13.746499,31.717432,0.13342631
13.396072,31.872023,0.15332428
13.865146,31.302494,0.10977802
13.514719,31.457085,0.12133962
13.633366,31.042147,0.09669042
14.25664,31.094273,0.108662486
14.176783,31.328556,0.114177376
13.9450035,31.068209,0.0992856
12.933104,31.21066,0.100593746
13.283235,31.126404,0.09728742
13.164588,31.541342,0.13160095
5.30072,30.35534,0.11485171
4.8138266,30.036663,0.08813149
4.326933,29.717989,0.060648978
5.3525343,29.766645,0.095348895
4.8656406,29.44797,0.06302053
5.404348,29.177952,0.06300014
5.8787613,29.484894,0.096158564
6.353174,29.791834,0.12979907
5.826947,30.073586,0.12712365
3.834284,29.380972,0.06110376
3.3314588,29.048742,0.088024616
2.8286335,28.716513,0.112324774
3.8803425,28.773937,0.067171216
3.3775172,28.441708,0.09070927
3.926401,28.1669,0.090432286
4.911699,28.840935,0.05171871
4.3729916,29.110952,0.049563825
4.41905,28.503918,0.072155476
2.3299294,28.363247,0.15383816
1.8101721,28.01288,0.21532696
2.380109,27.735176,0.13861209
3.427697,27.813637,0.08714616
2.8788133,28.088442,0.10926032
2.9289927,27.460371,0.07233298
6.9076,29.551865,0.14782917
6.4331865,29.244925,0.1184206
5.9587736,28.937983,0.07727009
6.9876122,29.004955,0.15989345
6.513199,28.698013,0.121118546
7.0676246,28.458044,0.14408284
7.4272747,29.932713,0.12842566
7.507287,29.385803,0.15061313
7.5873,28.838892,0.15758538
8.026962,29.766651,0.12043482
8.106975,29.21974,0.15765584
8.62665,29.600588,0.13759083
8.242997,30.63237,0.08979988
7.835136,30.282541,0.10511428
8.434823,30.11648,0.102069914
9.076686,30.570126,0.09831053
8.659842,30.601248,0.09030807
8.851667,30.085358,0.10454059
9.616808,30.775843,0.13856614
9.931911,30.496792,0.15367156
10.247015,30.217741,0.13500077
10.021791,31.041935,0.17035955
10.336895,30.762884,0.14610416
10.426775,31.308027,0.14995193
9.391789,30.291075,0.11505425
9.166772,29.806305,0.12960356
9.706893,30.012024,0.13216561
12.222413,31.162416,0.09003729
12.014622,31.43162,0.10245055
11.80683,31.70082,0.11775142
11.861853,31.029917,0.08347058
11.654061,31.299118,0.0974434
11.501292,30.897415,0.088228226
11.1730795,31.216,0.101801455
11.325849,31.617704,0.11579585
10.844867,31.534586,0.1254201
11.0831995,30.670856,0.1015892
10.754988,30.98944,0.11881739
10.665108,30.444298,0.12249261
15.161766,31.292522,0.13746354
15.195533,31.043535,0.13567916
15.2293005,30.794546,0.13721895
15.392001,31.242025,0.14172313
15.425769,30.993036,0.14146149
15.622237,31.191528,0.14525685
14.788618,31.011738,0.12364739
15.008959,30.903143,0.13067988
14.975192,31.15213,0.13191035
15.905423,31.155687,0.1489886
15.992142,30.921354,0.15081227
16.146015,31.171558,0.1400334
15.708955,30.957195,0.14792633
15.512487,30.758705,0.14474311
15.795673,30.722864,0.1506983
14.532233,30.869743,0.113880426
14.496188,30.61915,0.11136308
14.460144,30.368559,0.10837796
14.752574,30.761147,0.12190941
14.716529,30.510555,0.12014547
14.972915,30.65255,0.1297721
14.220595,30.84368,0.10181072
13.908958,30.817617,0.09148523
14.184551,30.593088,0.09731302
12.601062,30.942423,0.08310342
12.619151,30.58993,0.07857096
12.63724,30.237434,0.0770483
12.951193,30.858166,0.08437151
12.969282,30.505672,0.08275795
13.301324,30.773909,0.08735567
12.240501,30.809923,0.07554263
11.879942,30.677422,0.07489699
12.258591,30.457428,0.07157606
13.693121,30.02348,0.08497304
13.6732025,30.363035,0.086409986
13.653284,30.70259,0.08894226
13.341161,30.094797,0.08679438
13.321242,30.434353,0.08578098
12.989201,30.166117,0.08270019
13.948795,30.138506,0.0859828
14.20447,30.253532,0.09611553
13.928877,30.478062,0.08929661
5.4587145,28.589275,0.07367092
4.9660654,28.252258,0.08519554
4.4734163,27.915241,0.09512895
5.513081,28.000597,0.10108054
5.020432,27.66358,0.09157431
5.567447,27.411919,0.103299975
6.0131397,28.349304,0.09633684
6.0675063,27.760628,0.110408545
6.5675654,28.109335,0.120702505
2.0074108,26.110085,0.15921032
2.5800586,25.851133,0.103232265
2.5051734,26.479118,0.09151274
4.0886464,26.324997,0.07679671
3.5358605,26.585701,0.05909133
2.9830744,26.846403,0.046861053
3.6107454,25.957714,0.06848812
3.0579596,26.218416,0.04769343
3.1328444,25.590431,0.07520074
3.4817786,27.199669,0.06426644
4.0345645,26.938965,0.073740244
3.9804828,27.552933,0.08533728
5.074514,27.049612,0.07779062
4.5274982,27.301273,0.080663025
4.58158,26.687305,0.07997209
7.1911235,26.760399,0.10785735
7.149957,27.32628,0.108936846
7.108791,27.892162,0.12382454
6.649898,26.977571,0.11045271
6.6087317,27.543453,0.116488636
6.1086726,27.194746,0.11928725
7.6067743,28.224424,0.12475526
7.6479406,27.658543,0.110064566
7.689107,27.09266,0.112110555
8.145925,27.990805,0.109087884
8.187091,27.424923,0.11562675
8.685074,27.757185,0.13406694
8.6656,28.371653,0.15505117
8.646125,28.98612,0.17938846
8.12645,28.605272,0.14783311
10.157869,28.58113,0.20856172
9.647463,28.920948,0.21111673
9.137056,29.260769,0.17653525
9.666938,28.30648,0.19162965
9.156531,28.646301,0.18899846
9.176006,28.031834,0.16270512
10.2173,29.672203,0.15539926
9.677178,29.466486,0.17164373
10.187585,29.126665,0.2014091
12.262101,29.95565,0.07177007
11.883451,30.175644,0.0679273
11.504802,30.395638,0.08717257
11.886961,29.673866,0.08772409
11.508311,29.89386,0.095253885
11.511822,29.392084,0.1220997
11.08671,30.169079,0.11134517
10.668617,29.942522,0.12998438
11.0902195,29.667303,0.13063836
11.060504,29.121765,0.16358066
10.638902,29.396984,0.16384375
10.609187,28.851446,0.19531369
15.281058,30.518972,0.14008161
15.332817,30.243399,0.14338604
15.384575,29.967825,0.1450339
15.564245,30.483131,0.14846805
15.616004,30.207558,0.1527065
15.847432,30.44729,0.15648845
15.024673,30.376976,0.13222578
14.768288,30.234982,0.12210709
15.076431,30.101402,0.13488504
16.193172,30.376574,0.15258637
16.307486,30.066124,0.15602991
16.486368,30.386442,0.1418089
15.961745,30.13684,0.16055116
15.730316,29.897108,0.15601683
16.076057,29.826391,0.15993872
14.445127,29.993965,0.10554817
14.430109,29.619373,0.107670695
14.4150915,29.24478,0.111202896
14.75327,29.860388,0.11987865
14.738253,29.485794,0.11487809
15.061414,29.726809,0.12858838
13.933778,29.763912,0.09097493
14.174435,29.504347,0.10340464
14.189452,29.878939,0.09322786
13.475226,29.62661,0.09604025
13.257331,29.22974,0.108270526
13.039435,28.83287,0.108482
13.715883,29.367043,0.10346514
13.497988,28.970173,0.11375606
13.95654,29.107477,0.11065954
13.123266,29.697927,0.09335852
12.771306,29.769247,0.086865306
12.905371,29.30106,0.10538703
12.396166,29.487463,0.093807995
12.021027,29.205679,0.10757685
12.530231,29.019276,0.110319436
2.2645752,24.22344,0.20099664
2.8078995,23.98724,0.18664509
2.7314215,24.605194,0.14739347
2.9699929,22.233738,0.19129753
2.9271853,22.801512,0.20013642
2.511299,22.404972,0.21911824
3.0571332,20.669558,0.108810544
3.0349667,21.167759,0.13333267
2.6931722,20.798409,0.14112598
8.769727,26.17032,0.17837715
8.741509,26.699274,0.14929175
8.713292,27.22823,0.13307679
8.2435255,26.367012,0.15544367
8.215308,26.895967,0.12788314
7.7173247,26.563705,0.13116503
4.634611,26.077738,0.09587169
5.1805754,25.830479,0.11167449
5.72654,25.58322,0.10041982
5.127545,26.440044,0.09621942
5.673509,26.192785,0.10977191
5.620478,26.802353,0.10730022
6.1617036,26.585178,0.117449164
6.2147346,25.975613,0.107513726
6.702929,26.368006,0.11111784
4.334944,24.459606,0.11616987
3.7749436,24.714119,0.123918116
3.2149436,24.968634,0.11143917
3.8514218,24.096167,0.13122702
3.2914217,24.35068,0.14441776
3.3678997,23.732727,0.16500556
3.6928446,25.335917,0.10052729
4.252845,25.081404,0.11942631
4.170746,25.7032,0.0939101
5.262675,25.208681,0.11066884
4.71671,25.45594,0.11281949
4.798809,24.834143,0.116888285
7.372452,25.12849,0.08735973
7.312009,25.67246,0.11384195
7.2515664,26.216429,0.12257582
6.8238144,25.280067,0.08029848
6.763372,25.824036,0.10512042
6.2751775,25.431643,0.08929145
7.7777677,26.019737,0.15358561
7.83821,25.475767,0.12815213
8.303968,25.823044,0.16349179
3.0785215,19.433485,0.042184234
3.0789106,19.80242,0.070043504
2.8012886,19.529295,0.060258687
3.0952199,18.574232,0.029239476
3.0866764,18.819391,0.018522978
2.8722832,18.6161,0.031861246
9.278968,26.437756,0.17757344
9.78821,26.705193,0.19270122
10.297451,26.97263,0.20656651
9.250751,26.966711,0.16095501
9.759992,27.234148,0.19078624
9.222533,27.495667,0.15707588
10.204396,28.044962,0.20241398
9.713465,27.770315,0.18431288
10.250924,27.508797,0.20509785
11.560763,28.871227,0.14292133
11.609706,28.35037,0.14664203
11.6586485,27.829515,0.16041613
12.069968,28.684824,0.11745036
12.118911,28.163967,0.108039975
12.579173,28.498419,0.10026914
11.109447,28.600908,0.18371546
10.658129,28.330591,0.20438087
11.158388,28.080053,0.20103061
10.7511835,27.258259,0.20831847
11.204916,27.543886,0.1993702
10.704656,27.794424,0.2107538
15.45469,29.570726,0.1412608
15.524805,29.173628,0.13695386
15.594919,28.776531,0.12862378
15.800431,29.50001,0.15328792
15.870545,29.102913,0.15157112
16.146172,29.429295,0.15789515
15.131529,29.329712,0.12302813
14.808368,29.088696,0.11164972
15.201644,28.932613,0.11644733
16.579473,29.351475,0.14903668
16.737148,28.947273,0.14323321
16.937103,29.343987,0.14054856
16.303846,29.025093,0.15141043
16.028221,28.698711,0.13507983
16.461523,28.620892,0.1328902
14.393408,28.804548,0.11621952
14.371723,28.364317,0.12596679
14.350039,27.924086,0.12601352
14.786683,28.648464,0.11415899
14.764999,28.208233,0.11950928
15.179959,28.492382,0.11478445
13.934855,28.667246,0.12015408
13.476303,28.529942,0.1105625
13.913171,28.227013,0.12936461
13.93922,27.666204,0.11313856
13.502353,27.969133,0.10489285
13.065485,28.272062,0.08830649
13.528402,27.408325,0.0880326
13.091535,27.711254,0.07770282
13.117584,27.150446,0.07766336
12.631272,27.376802,0.11027169
12.605223,27.93761,0.08753723
12.14496,27.603159,0.13970172
10.223857,25.436295,0.13695556
10.248388,25.948406,0.19061399
10.27292,26.460518,0.20200795
9.739147,25.68097,0.15570658
9.763679,26.19308,0.19406134
9.254437,25.925644,0.17739338
3.4166598,19.990086,0.079571426
3.416271,19.621151,0.055861175
3.415882,19.252216,0.02504909
3.7540202,19.808817,0.071338356
3.7536314,19.439882,0.041258037
4.0913806,19.627546,0.06140077
4.301654,21.00909,0.08352798
3.8720362,21.228048,0.11273658
3.4424183,21.447004,0.14746308
3.8942025,20.729845,0.078872025
3.4645846,20.948803,0.09970182
3.4867508,20.4506,0.09101617
4.161472,20.08806,0.087254345
4.231563,20.548576,0.080501616
3.8241115,20.269331,0.08619958
3.5022824,21.986362,0.20303601
3.9917643,22.306763,0.21548635
4.481246,22.627163,0.18379676
3.4594748,22.554136,0.19415927
3.9489565,22.874537,0.17832667
3.416667,23.121912,0.17821288
3.9001892,23.485352,0.1514467
4.432479,23.237976,0.14638251
4.3837113,23.848791,0.11719543
4.361518,21.548447,0.15578544
4.421382,22.087805,0.2138462
3.9319003,21.767405,0.19523007
8.9691305,24.667059,0.09393692
8.902663,25.168146,0.09689629
8.836195,25.669233,0.15305978
8.436904,24.82087,0.09319973
8.370437,25.321957,0.12039316
7.904678,24.97468,0.100979984
9.387373,24.923471,0.080286264
9.805614,25.179882,0.099933624
9.320905,25.424559,0.12391418
10.140345,24.266087,0.11138445
10.168181,24.656157,0.09904146
10.196019,25.046225,0.101079285
9.74994,24.399744,0.10348016
9.777778,24.789814,0.08944535
9.359535,24.533401,0.09904748
5.0758696,22.959091,0.14430815
5.6704936,23.291021,0.11975503
6.265117,23.62295,0.121329784
5.0271025,23.569906,0.11280352
5.621726,23.901834,0.10245931
4.978335,24.180721,0.0951007
5.906066,24.929796,0.0814836
5.4422,24.555258,0.098005354
6.0855913,24.276373,0.09834546
7.0033402,24.626644,0.08588898
6.454703,24.778221,0.08043671
6.6342287,24.124798,0.11214632
7.940308,23.809774,0.11205566
7.7510223,24.249348,0.09983033
7.561737,24.68892,0.09388614
7.381911,23.7475,0.12930286
7.1926255,24.187073,0.11024678
6.823514,23.685225,0.1364103
8.283249,24.095537,0.105847895
8.62619,24.381298,0.10654414
8.093964,24.535109,0.09860313
3.3511956,18.419256,0.031998634
3.5986276,18.50944,0.023020566
3.8460598,18.599625,0.0161497
3.3426518,18.664415,0.019911826
3.590084,18.7546,0.013091683
3.3341084,18.909575,0.008040011
3.9278333,18.942265,0.010289669
4.0096073,19.284906,0.02952379
3.6718578,19.09724,0.014240682
3.2412775,18.142872,0.04671544
3.0878115,17.951862,0.057299197
3.3787913,17.95667,0.050676465
3.4887094,18.233055,0.036830306
3.6262233,18.046854,0.039555192
3.7361417,18.323238,0.028203845
4.3636174,19.397367,0.04862386
4.2818437,19.054726,0.021110475
4.20007,18.712084,0.016316831
4.635854,19.167187,0.03567016
4.5540805,18.824545,0.02556175
4.9080906,18.937006,0.03903252
12.687632,26.782942,0.1276716
12.20132,27.009298,0.1805082
11.715008,27.235655,0.19641685
12.257679,26.415436,0.18253624
11.771366,26.641792,0.21096891
11.827725,26.047932,0.20092916
10.75848,25.640173,0.1762768
11.293103,25.844053,0.194139
10.783011,26.152285,0.20400602
11.317635,26.356165,0.20543891
10.807543,26.664396,0.20560145
11.261275,26.950026,0.20927668
15.677936,28.307734,0.11141813
15.760952,27.838936,0.09770182
15.843968,27.370138,0.10029042
16.111237,28.229914,0.10468903
16.194254,27.761116,0.09931311
16.544538,28.152094,0.11348292
15.262976,28.023584,0.10849321
14.848016,27.739435,0.10630524
15.345992,27.554787,0.096107244
17.073652,28.031767,0.1208553
17.25248,27.520464,0.121585876
17.536839,28.00167,0.11503327
16.723368,27.64079,0.116742015
16.373081,27.249813,0.11315766
16.902195,27.129486,0.122650415
14.40709,27.435051,0.09943986
14.464141,26.946018,0.08423048
14.521192,26.456985,0.10702556
14.9050665,27.250402,0.08126706
14.962117,26.76137,0.09036434
15.403043,27.065754,0.087064564
13.996272,27.177172,0.08876032
13.585454,26.919292,0.08006668
14.053323,26.688139,0.088023245
13.376843,25.831913,0.12534958
13.758293,26.04027,0.10968095
14.139743,26.248629,0.107168674
13.290423,26.271423,0.11247569
13.671873,26.479782,0.09517616
13.204004,26.710936,0.090420365
12.860471,25.90392,0.14519638
12.774052,26.34343,0.13510472
12.344098,25.975925,0.17565793
11.338763,24.493736,0.15020585
11.501751,25.0118,0.15313518
11.664739,25.529867,0.17545956
10.967128,24.807922,0.14124215
11.1301155,25.325987,0.1659562
10.595492,25.122108,0.12985104
10.539817,24.34197,0.11912781
10.93929,24.417852,0.13483411
10.567655,24.732038,0.11854172
4.523804,19.769747,0.083960295
4.9562273,19.911947,0.10888702
5.388651,20.054146,0.14165705
4.593895,20.23026,0.09424496
5.0263186,20.372461,0.102041245
4.663986,20.690775,0.07556695
5.0682774,19.309385,0.065463305
5.228464,19.681767,0.106591165
4.7960405,19.539566,0.07307029
4.9137177,21.194708,0.08811009
5.5257816,21.380323,0.13488638
6.1378455,21.56594,0.16160208
4.973582,21.734064,0.17350489
5.5856457,21.919682,0.17575836
5.033446,22.273422,0.19323707
5.6280694,22.60535,0.15251088
6.1802692,22.251612,0.15941316
6.2226934,22.93728,0.13550955
5.6383824,20.558077,0.136527
5.888114,21.06201,0.13044727
5.27605,20.876392,0.08886576
10.728138,23.461637,0.10062438
10.93168,23.80567,0.117025256
11.1352215,24.149702,0.13934386
10.532207,23.729788,0.112208664
10.735748,24.07382,0.122931
10.336275,23.997938,0.11919761
9.098796,24.172312,0.12245613
8.755855,23.88655,0.13160366
8.412914,23.60079,0.13607436
9.22846,23.677567,0.14144963
8.88552,23.391804,0.15962464
9.358126,23.18282,0.14688331
9.879604,23.904999,0.11535555
9.489201,24.038656,0.121919274
9.618865,23.54391,0.1269713
10.075536,23.636848,0.111344695
9.814796,23.275759,0.114521384
10.271467,23.368698,0.10083878
7.7341204,22.413404,0.17756766
7.2444525,22.816587,0.17558324
6.754785,23.219769,0.15458131
7.2020288,22.130917,0.17116904
6.712361,22.5341,0.16520756
6.669937,21.848429,0.17259592
7.8715787,23.344318,0.14623946
7.313182,23.282043,0.15882659
7.8028493,22.878862,0.17063344
8.344185,23.135332,0.16279757
8.275455,22.669876,0.17667824
8.816791,22.926348,0.1783644
4.0729766,18.38164,0.024103165
3.9630585,18.105255,0.030826747
3.8531404,17.82887,0.040296555
4.299894,18.163656,0.0337556
4.1899757,17.887272,0.03843409
4.5268106,17.945673,0.0441072
4.653904,18.276117,0.03991264
4.7809973,18.606562,0.03605658
4.426987,18.4941,0.02865994
3.7231328,17.505121,0.044867694
3.546462,17.256754,0.048262417
3.9299605,17.239775,0.05008036
4.059968,17.563522,0.044932723
4.2667956,17.298176,0.05419582
4.3968034,17.621925,0.04873228
5.299037,18.97269,0.054681838
5.689984,19.008373,0.064798
6.08093,19.044058,0.09311998
5.4592237,19.34507,0.09013319
5.85017,19.380754,0.11610478
5.6194105,19.71745,0.13951212
5.4494166,18.21977,0.06213498
5.268975,18.458849,0.054572225
5.0885324,18.697927,0.04365444
5.1418815,18.128405,0.054766178
4.961439,18.367483,0.04670614
4.8343463,18.037039,0.049292505
5.659921,18.494534,0.067291975
5.8704257,18.769295,0.073037624
5.4794793,18.733612,0.057891548
13.178123,25.428709,0.13354337
12.661751,25.500715,0.14957905
12.145378,25.572721,0.1702534
12.979403,25.025507,0.14346981
12.46303,25.097513,0.14683402
12.780683,24.622303,0.16367227
11.819403,24.536592,0.16703683
12.300042,24.579447,0.16777056
11.98239,25.054657,0.15432149
19.53841,23.35085,0.17676252
19.774576,23.65708,0.18685257
19.287184,23.719868,0.19941035
18.764236,24.532717,0.21755528
19.052338,24.902922,0.22625011
18.492517,24.976547,0.19952852
18.249075,26.410751,0.14659119
17.694471,26.479567,0.13192013
17.957636,25.949972,0.14065114
17.016195,26.505112,0.12924287
16.601082,26.00106,0.12625206
16.185966,25.497011,0.12565494
17.279358,25.975515,0.13755
16.864244,25.471466,0.15749028
17.54252,25.44592,0.16244361
15.957969,26.745764,0.10973352
16.071968,26.121387,0.10995662
16.487082,26.625437,0.120262146
15.517043,26.441378,0.11417377
15.0761175,26.136993,0.14213485
15.6310425,25.817003,0.12650394
14.363972,24.887735,0.12519765
14.971304,25.090826,0.12778544
15.578635,25.293919,0.12582403
14.416379,25.410818,0.12294716
15.02371,25.61391,0.14460576
14.468785,25.9339,0.13185656
13.705886,25.517187,0.11888325
14.034929,25.202461,0.12027103
14.087336,25.725544,0.115692556
13.507166,25.113983,0.12830335
13.308445,24.710781,0.14669502
13.836208,24.799257,0.12878156
11.587818,24.040237,0.169981
11.836873,23.586737,0.17521101
12.085927,23.133238,0.17654163
12.068458,24.083092,0.19203156
12.3175125,23.629593,0.19205749
12.549097,24.125948,0.19354731
11.180735,23.35217,0.10975307
11.63333,23.242704,0.14885533
11.384276,23.696203,0.14223623
6.812003,20.141235,0.20089829
6.5872836,20.616137,0.195535
6.3625646,21.09104,0.17200881
6.337552,20.112206,0.19057441
6.112833,20.587107,0.16806698
5.8631015,20.083176,0.17918926
6.324621,19.409782,0.14557064
6.568312,19.775509,0.18427646
6.093861,19.746479,0.17231774
7.6241145,21.06219,0.22029269
7.660783,21.512594,0.20192719
7.6974516,21.963,0.18409657
7.128691,21.230106,0.21593523
7.16536,21.680511,0.19010025
6.6332684,21.398024,0.18649292
7.3534107,20.755203,0.22319502
6.8579874,20.92312,0.2147435
7.082707,20.44822,0.2140404
10.724601,23.051859,0.08604759
10.26793,22.95892,0.09802407
9.811259,22.86598,0.11772573
10.721065,22.642082,0.11570293
10.264394,22.549143,0.11558521
10.717527,22.232304,0.15396047
11.177197,22.942392,0.109197676
11.17366,22.532616,0.13744748
11.629794,22.832926,0.1515243
8.1709,21.17944,0.21575618
8.717687,21.29669,0.2260077
9.264472,21.41394,0.2132616
8.207569,21.629845,0.20093709
8.754355,21.747095,0.20048589
8.244238,22.08025,0.18570125
9.326908,22.593193,0.16007817
8.785573,22.336721,0.183559
9.295691,22.003567,0.17453611
10.233175,21.959517,0.15001869
9.780042,22.276354,0.13812363
9.748824,21.68673,0.17211056
7.249479,19.06142,0.17129171
7.103654,19.421358,0.1788562
6.9578285,19.781296,0.18918025
6.859963,19.055634,0.14953399
6.7141376,19.415571,0.16364598
6.4704466,19.049845,0.12396777
4.8249273,17.681028,0.05825162
4.6949196,17.357279,0.06295234
4.5649123,17.033531,0.068148196
5.1230435,17.416382,0.077169895
4.9930363,17.092634,0.08036947
5.42116,17.151737,0.104889095
5.4399977,17.863758,0.07008439
5.1324625,17.772392,0.064921916
5.430579,17.507748,0.08824724
4.396357,16.618671,0.043791592
4.168983,16.309252,0.030578852
4.6559258,16.262915,0.027288318
4.824481,16.677774,0.054190397
5.0840497,16.322018,0.036607325
5.252605,16.736877,0.07672775
5.8742375,18.099983,0.07567328
5.8648186,17.743973,0.091707766
5.8553996,17.38796,0.117682695
6.299058,17.980196,0.094263494
6.289639,17.624186,0.10964161
6.723879,17.860409,0.108814836
6.084742,18.374746,0.08371788
6.5095625,18.25496,0.10435343
6.2952466,18.649508,0.098663926
7.074279,18.661083,0.14750963
6.6847625,18.655296,0.12494409
6.899079,18.260746,0.123242676
20.123108,22.391678,0.19658291
20.364737,22.68292,0.18163466
19.956373,22.686754,0.18116885
19.414394,22.229128,0.19379959
19.706211,22.184952,0.20329472
19.998026,22.140778,0.20827311
19.539474,22.480028,0.18521377
19.831291,22.435854,0.19290584
19.664557,22.73093,0.17501116
19.187973,22.459057,0.17830941
19.313055,22.709957,0.16940618
19.438135,22.96086,0.16659233
18.961552,22.688986,0.16709921
19.086634,22.939886,0.16155973
18.735132,22.918915,0.16645324
18.835407,23.308905,0.17547348
19.186909,23.329878,0.17667419
18.935682,23.698896,0.20358098
13.789762,23.393055,0.16845113
13.981165,23.891281,0.14705831
14.172568,24.389507,0.13656914
13.453402,23.802805,0.17331564
13.644805,24.301031,0.1480251
13.117042,24.212553,0.17792296
12.885457,23.716198,0.19374096
12.653872,23.219843,0.18221188
13.221817,23.306448,0.17818725
18.507769,23.97502,0.2066941
18.23605,24.418848,0.19541687
17.96433,24.862679,0.17558387
17.979582,23.86115,0.19611838
17.707863,24.304981,0.1923239
17.451395,23.747282,0.19783962
18.30722,23.195038,0.17661747
18.407495,23.585028,0.19280827
17.879309,23.47116,0.18738368
17.286055,24.888224,0.18710491
16.607777,24.913769,0.17084277
17.029587,24.330526,0.1995647
15.5589695,23.66821,0.19980317
16.189777,23.694567,0.21844453
16.820587,23.720924,0.2046647
15.767969,24.27781,0.20476425
16.398777,24.304167,0.20776248
15.976968,24.887411,0.14033568
14.762304,24.481226,0.14918375
15.160637,24.074717,0.19490546
15.369637,24.684319,0.1510737
14.570901,23.983,0.16245562
14.379498,23.484772,0.16110319
14.9692335,23.57649,0.17449045
13.304937,21.960676,0.21099901
13.466545,22.438135,0.20081168
13.628153,22.915594,0.184892
12.898601,22.35153,0.18826514
13.060208,22.828989,0.18120736
12.492264,22.742384,0.17870498
11.941668,21.768936,0.18290538
12.3960905,21.83285,0.18586826
12.850514,21.896763,0.19213945
11.989755,22.223703,0.17920154
12.444178,22.287617,0.18317348
12.037841,22.67847,0.17874044
11.533621,21.923393,0.18471098
11.581707,22.378159,0.16529644
11.125574,22.077848,0.1751188
7.8821936,20.664333,0.2147631
8.140273,20.266478,0.21155208
8.398352,19.868624,0.2075519
8.42898,20.781584,0.22657043
8.687058,20.38373,0.21738684
8.975765,20.898836,0.23845053
7.6324368,19.330488,0.19698513
8.015394,19.599556,0.2087568
7.4866114,19.690426,0.19879645
7.869569,19.959494,0.20676142
7.340786,20.050364,0.20344526
7.61149,20.35735,0.21272069
10.766769,21.79121,0.18106967
10.282417,21.518423,0.17980868
9.798065,21.245636,0.20417643
10.81601,21.350117,0.18928194
10.331659,21.07733,0.20328414
10.8652525,20.909023,0.1932134
11.174816,21.636755,0.18904573
11.224057,21.195662,0.18802124
11.582863,21.4823,0.1859591
9.907462,20.105938,0.19550008
9.693132,20.541939,0.21186358
9.478802,20.97794,0.22683209
9.404426,20.026833,0.19507885
9.190095,20.462833,0.21902305
8.901388,19.947727,0.20378798
10.226726,20.373632,0.19781351
10.545989,20.641329,0.19855338
10.012396,20.809633,0.20831126
7.577063,18.83854,0.1784414
7.401863,18.438202,0.15062892
7.2266626,18.037865,0.12376565
7.904647,18.61566,0.17767084
7.729447,18.215322,0.1451906
8.232231,18.392778,0.17294997
7.9600205,19.107607,0.20549136
8.287604,18.884727,0.20747286
8.3429785,19.376675,0.21579301
5.192575,15.510095,0.021558762
4.949054,15.135093,0.026099563
5.4696555,15.11303,0.037995636
6.033894,15.208308,0.05259317
6.3210526,15.70065,0.045833528
6.6082106,16.192993,0.05944538
5.7568135,15.605372,0.03568083
6.043972,16.097715,0.054252565
5.479733,16.002438,0.030755997
5.8168435,16.832155,0.1252371
5.6482882,16.417295,0.0699746
6.2125273,16.512573,0.096547484
6.2510834,17.068378,0.13672763
6.6467667,16.748798,0.10482699
6.6853228,17.304604,0.1193344
7.194246,17.628197,0.11615217
7.1556897,17.072392,0.10629368
7.1171336,16.516586,0.085470796
7.6646123,17.395987,0.113313615
7.626056,16.84018,0.10210365
8.134979,17.163774,0.11449766
8.167397,17.573442,0.1257819
8.199814,17.98311,0.1430561
7.6970296,17.805655,0.12528622
6.183626,13.830945,0.024859428
5.9651814,14.273456,0.03134978
5.7468405,13.8249235,0.0153769255
6.7942686,12.703251,0.012811422
6.59817,13.045843,0.016076505
6.4454947,12.638225,0.006885648
20.39464,21.758308,0.19379443
20.499435,21.420015,0.17064562
20.749632,21.718403,0.17732278
20.047138,21.844479,0.20629463
19.804434,21.592354,0.19738215
19.56173,21.340229,0.18424591
20.151936,21.506184,0.18977013
19.909231,21.254059,0.18286344
20.256731,21.16789,0.16878602
19.463505,21.932827,0.19902164
19.512617,21.636528,0.19384107
19.755322,21.888653,0.20542774
19.143816,22.080881,0.1910544
18.873238,21.932636,0.1921522
18.602661,21.78439,0.19573396
19.192928,21.784582,0.19124836
18.92235,21.636335,0.18589467
19.24204,21.488283,0.1842274
18.917395,22.31081,0.18192711
18.690975,22.54074,0.17914742
18.646818,22.162565,0.19494247
17.78059,22.363798,0.20403713
18.098772,22.548838,0.19296008
18.416952,22.733875,0.17835343
17.670858,22.82496,0.18953604
17.98904,23.009998,0.18104649
17.561127,23.286121,0.1906836
18.054615,22.170662,0.2083515
18.328638,21.977526,0.20771676
18.372795,22.355701,0.19564295
14.910574,22.155785,0.23114341
15.126705,22.659925,0.18471831
15.342837,23.164066,0.16391438
14.536969,22.568209,0.20010126
14.753101,23.07235,0.16273558
14.163365,22.98063,0.18083972
13.84015,22.025711,0.23259485
14.375361,22.090748,0.23966622
14.001758,22.503172,0.21021628
16.527563,22.32239,0.20413303
16.835506,22.797354,0.1934244
17.143452,23.272318,0.19570267
16.204699,22.770996,0.18122083
16.512642,23.24596,0.19107056
15.881834,23.219603,0.17722207
17.362915,22.349995,0.20471817
17.253183,22.811157,0.19571888
16.945238,22.336193,0.20292675
15.44957,22.211319,0.21800566
15.988566,22.266855,0.2108863
15.665702,22.71546,0.17793709
14.277548,20.851582,0.19132763
14.488557,21.286316,0.19777346
14.699565,21.72105,0.22440004
13.953344,21.221281,0.20729518
14.164353,21.656013,0.22887719
13.629141,21.590979,0.21481079
13.714233,20.677702,0.19955647
13.39003,21.0474,0.19478983
13.065826,21.417097,0.19504565
13.150919,20.50382,0.18054241
12.826715,20.873518,0.186423
12.5876045,20.329939,0.16946429
12.1569805,21.28927,0.18638879
12.3722925,20.809605,0.18425351
12.611403,21.353184,0.18858302
11.798175,21.002632,0.18755674
11.43937,20.715996,0.18796104
12.013487,20.522966,0.18043083
8.744879,18.562078,0.2010324
9.257526,18.73138,0.22223014
9.770174,18.90068,0.23386544
8.800252,19.054028,0.22556853
9.312901,19.22333,0.23067552
8.855626,19.545977,0.21604204
9.861699,19.704185,0.20628333
9.358663,19.62508,0.21294963
9.815937,19.302433,0.22711891
10.334655,19.867094,0.1980412
10.288893,19.465342,0.2173531
10.24313,19.063591,0.23101562
10.761848,19.628252,0.20977873
10.716086,19.2265,0.2234385
11.189042,19.389408,0.20746517
11.65523,19.702919,0.18421245
12.121417,20.016428,0.16976982
11.081112,19.895947,0.19695812
11.547299,20.209457,0.18443906
10.973183,20.402485,0.19432747
10.653919,20.13479,0.19724792
8.586211,17.325638,0.14304215
9.037444,17.487503,0.16411912
9.488676,17.649366,0.17322063
8.6186285,17.735306,0.1513924
9.069861,17.897171,0.16961718
8.651046,18.144974,0.16721219
9.582509,18.066471,0.184905
9.676341,18.483576,0.21076787
9.163693,18.314276,0.1922335
9.186021,16.580498,0.18072331
9.286906,16.936789,0.17082459
9.387791,17.293077,0.170066
8.835673,16.774923,0.16157871
8.936559,17.131212,0.15980905
8.485327,16.969349,0.13360012
7.342586,11.754269,0.007994056
7.1664767,12.057464,0.00791347
7.0391493,11.701379,0.0016291738
6.2571564,14.695539,0.05272305
6.475601,14.253029,0.04513216
6.6940465,13.810518,0.041980088
6.767576,14.675113,0.06572986
6.9860215,14.232602,0.06582767
7.2779965,14.654686,0.07740682
7.0547347,15.167455,0.078216076
6.8314724,15.680223,0.05395168
6.5443144,15.187881,0.061227024
7.624157,15.018318,0.09468657
7.9703174,15.38195,0.11234474
8.316478,15.745583,0.14071953
7.400895,15.531087,0.0846616
7.7470555,15.894719,0.106307685
7.177633,16.043856,0.06323969
8.255979,16.218313,0.13945252
8.195478,16.691044,0.12048119
7.686556,16.367449,0.1039772
8.8961735,16.302193,0.17778647
8.545826,16.496618,0.15218735
8.606325,16.023888,0.1618762
8.024884,12.34181,0.022729337
7.680045,12.348094,0.016198397
7.335206,12.354377,0.011216164
7.8561544,12.044898,0.025095344
7.511316,12.051181,0.014210165
7.687425,11.747986,0.014740229
7.232502,12.706394,0.014546633
7.4746366,13.052129,0.018148422
7.716771,13.397863,0.032193303
7.036403,13.0489855,0.022391438
7.2785378,13.39472,0.032809556
6.8403044,13.391578,0.029499173
7.570513,13.816804,0.052576184
7.424255,14.235745,0.06771493
7.13228,13.813662,0.052340508
7.9221797,12.693828,0.018461883
7.8194757,13.045845,0.018512845
7.5773406,12.700111,0.013353944
7.78782,10.959562,0.004063666
7.653258,11.2053175,0.0053933263
7.518134,10.938936,0.0010253191
20.699463,20.730204,0.14310849
20.794693,20.378687,0.15028563
21.051132,20.63763,0.13453013
20.531395,20.098097,0.1618959
20.436165,20.449614,0.15786245
20.340933,20.801132,0.1563671
20.172867,20.169024,0.16602412
20.077637,20.520542,0.16486788
19.814339,20.239952,0.16415125
19.645933,20.973469,0.17076445
19.730135,20.60671,0.1659356
19.993433,20.8873,0.16641653
19.256113,21.096777,0.17322421
18.950495,20.853327,0.16217208
18.644876,20.609875,0.15145743
19.340315,20.730019,0.16316742
19.034697,20.486567,0.15026653
19.424519,20.363258,0.15560967
18.936422,21.244831,0.17537683
18.616734,21.392885,0.1811716
18.630804,21.001379,0.16727495
18.228188,21.604391,0.19455999
17.853716,21.424393,0.18586826
17.479242,21.244394,0.17498386
18.24226,21.212887,0.1757856
17.867786,21.032888,0.16617978
18.256332,20.82138,0.15792036
17.680141,21.990664,0.21330261
17.57969,21.617529,0.19473463
17.954165,21.797527,0.20682144
17.262465,21.97686,0.21021086
16.84479,21.963058,0.2098012
17.162016,21.603725,0.19121641
16.346575,21.799881,0.21647274
15.807579,21.744347,0.22647053
15.268583,21.688812,0.22129536
16.165588,21.277374,0.21672451
15.626593,21.22184,0.20558
15.984601,20.754868,0.20021385
16.98103,21.081219,0.16756308
16.663801,21.44055,0.19529271
16.482815,20.918043,0.19121051
14.846566,20.819344,0.1678608
15.415584,20.787106,0.18027514
15.057574,21.254078,0.18612564
15.024469,19.746323,0.16464216
15.344513,20.082504,0.16310406
15.664557,20.418686,0.17922819
14.775496,20.114742,0.1747936
15.095539,20.450924,0.16371769
14.526522,20.483162,0.18526214
13.908527,19.58279,0.21389186
14.031534,20.00572,0.2167052
14.154541,20.428652,0.2086047
13.46822,19.83184,0.1920777
13.591227,20.25477,0.19783276
13.027912,20.080889,0.1678524
14.280508,19.6373,0.2051745
14.652489,19.69181,0.18230814
14.403515,20.060232,0.19967097
12.7070875,19.711752,0.16941285
12.2409,19.398241,0.17434132
11.774713,19.08473,0.18307346
12.82657,19.093563,0.19286668
12.360382,18.780054,0.1803363
12.946053,18.475376,0.18785459
13.587702,19.213652,0.20512497
13.147395,19.462702,0.18754512
13.266877,18.844515,0.2009632
10.029782,17.663786,0.17956597
10.570888,17.678204,0.1857863
11.111994,17.692623,0.18519682
10.123614,18.08089,0.19336927
10.664721,18.095308,0.2023558
10.217447,18.497995,0.2152633
11.16336,18.823812,0.21478665
10.690403,18.660904,0.22215164
11.137676,18.258217,0.20605397
11.749029,18.519135,0.18326813
11.723347,17.95354,0.17674816
12.3347,18.214458,0.17401344
9.522037,16.620987,0.18511409
9.858051,16.661474,0.18578374
10.194067,16.701963,0.18015206
9.622921,16.977276,0.17317098
9.958937,17.017763,0.17222816
9.723806,17.333565,0.17271692
10.500043,17.032183,0.16690344
10.806018,17.362402,0.17283982
10.264913,17.347984,0.17467564
9.383645,16.26239,0.19495445
9.093798,15.984085,0.18560177
8.803949,15.70578,0.1582182
9.581269,15.9442835,0.20618165
9.291422,15.6659775,0.17529142
9.778893,15.626176,0.19588053
9.719661,16.30288,0.2007603
9.917285,15.984771,0.210944
10.0556755,16.343367,0.19767684
7.807275,11.452921,0.011908531
7.941837,11.207166,0.010408461
8.076399,10.9614105,0.008948326
8.095854,11.454769,0.016978383
8.230415,11.209014,0.014963329
8.384433,11.456618,0.022391498
8.264584,11.751682,0.026264727
8.144733,12.046746,0.029812455
7.976004,11.749834,0.021466255
8.864427,12.107416,0.049883485
8.584579,12.185548,0.03992641
8.304731,12.2636795,0.029359818
8.704429,11.890484,0.042843223
8.424582,11.968615,0.03505552
8.544431,11.673551,0.032410443
8.129668,13.716016,0.052765667
8.542565,14.034167,0.05543053
8.955462,14.35232,0.061354756
7.9834104,14.134956,0.074021876
8.396307,14.453109,0.0794186
7.837152,14.553898,0.08517015
8.529472,15.281162,0.12049496
8.183312,14.91753,0.10137957
8.742468,14.816741,0.08849388
9.504416,15.201557,0.15329355
9.016945,15.24136,0.12256801
9.229939,14.776938,0.10126728
8.315416,12.562812,0.026370466
8.605949,12.7838125,0.03716433
8.896482,13.004813,0.053168893
8.212712,12.914829,0.023814201
8.503245,13.13583,0.035519004
8.110008,13.266847,0.031014502
8.916142,13.453982,0.049566388
8.935802,13.9031515,0.04957509
8.522905,13.584999,0.043854058
8.875112,12.4065485,0.05316055
8.8857975,12.705681,0.050274134
8.595264,12.48468,0.03646624
8.206643,10.699685,0.007263541
8.490905,10.685564,0.013415813
8.7751665,10.671443,0.021827638
8.360661,10.947289,0.014941812
8.644922,10.933168,0.023646355
8.514677,11.194893,0.0232898
8.444987,10.266732,0.005330384
8.610077,10.469088,0.012079895
8.160726,10.280853,0.0007485151
8.325815,10.483209,0.006510854
8.0415535,10.49733,0.0013786554
7.90903,10.248586,0.008390784
21.109064,19.472397,0.1452756
21.352743,19.661722,0.15309861
20.999495,19.749783,0.1529671
20.89696,19.167805,0.14011836
20.78739,19.44519,0.1502035
20.677818,19.722576,0.15671879
20.575285,19.140598,0.15409821
20.465714,19.417984,0.15972298
20.253609,19.113392,0.16881233
20.31929,19.793505,0.16486618
19.960762,19.864431,0.16696495
20.107185,19.488913,0.1705913
19.520432,19.916183,0.15386194
19.226524,19.592415,0.15300375
18.932617,19.268648,0.15772879
19.666855,19.540665,0.16602546
19.372948,19.216896,0.16853201
19.813278,19.165144,0.17531687
19.130611,20.039492,0.13949245
18.740791,20.162798,0.13426322
18.836704,19.715723,0.13846946
18.262981,20.343184,0.13709563
17.881084,20.076492,0.12988693
17.49919,19.8098,0.13725817
18.358894,19.896107,0.13001806
17.977,19.629416,0.13064092
18.45481,19.449032,0.14113599
17.874435,20.55469,0.1445741
17.485891,20.766197,0.15586764
17.49254,20.287998,0.14260238
16.987679,20.60302,0.15942848
16.489464,20.439844,0.17132902
16.994328,20.124823,0.15224624
15.416302,19.513018,0.16021031
15.808134,19.279715,0.15752894
16.199966,19.046412,0.15783447
15.736346,19.8492,0.1641897
16.128178,19.615896,0.1578157
16.05639,20.185383,0.17724258
16.633041,19.300875,0.15265554
17.066114,19.555338,0.15033782
16.561253,19.87036,0.15525258
14.918924,19.335028,0.16933334
14.813379,18.923733,0.17873454
14.707835,18.512438,0.20640445
15.310757,19.101725,0.16137183
15.205213,18.69043,0.18488866
15.70259,18.86842,0.16605043
14.546944,19.280518,0.185776
14.174963,19.226006,0.20413584
14.441399,18.869223,0.19620079
13.854138,18.856869,0.2068693
13.533313,18.48773,0.20650089
14.120574,18.500084,0.21841133
12.909356,17.87444,0.16937464
12.298003,17.613522,0.15740055
11.68665,17.352604,0.15383494
12.87266,17.273502,0.1512444
12.261307,17.012585,0.13648576
12.835963,16.672567,0.16084951
13.317776,16.831,0.15818596
13.799588,16.989433,0.1573866
14.281402,17.147867,0.16724789
13.354472,17.431936,0.16695589
13.836285,17.59037,0.1930517
13.391169,18.032873,0.19361585
14.56569,18.05758,0.22934324
13.97843,18.045227,0.22669739
14.423546,17.602724,0.20397472
10.584086,16.443895,0.17662257
10.445695,16.0853,0.19285476
10.307303,15.726705,0.19463259
10.974106,16.18583,0.16247135
10.835714,15.827233,0.16818875
11.364124,15.927762,0.16121757
10.890061,16.774117,0.15783054
11.280081,16.516048,0.15566301
11.196037,17.104336,0.15597391
11.854737,16.176031,0.15595031
12.34535,16.4243,0.15977567
11.770694,16.764317,0.14329547
10.431584,14.627108,0.14802021
10.214021,14.96013,0.16845888
9.996457,15.293153,0.18411154
9.939544,14.535512,0.1414814
9.72198,14.868534,0.15032399
9.447503,14.443916,0.10443449
10.742431,15.060659,0.15431422
11.053278,15.49421,0.15665025
10.524867,15.393682,0.17493737
12.779094,15.344404,0.1667757
12.79805,15.787126,0.18399626
12.817006,16.229847,0.18338037
12.307437,15.538857,0.16704595
12.326394,15.981578,0.16970164
11.835781,15.73331,0.16438997
8.683771,11.446131,0.033117175
8.814016,11.184406,0.03597319
8.944261,10.922681,0.034338355
8.98311,11.435644,0.03897631
9.113355,11.173919,0.040428877
9.282449,11.425157,0.039021432
9.003767,11.879996,0.051364124
8.843769,11.663064,0.044978857
9.143108,11.652576,0.04343331
9.171736,12.170293,0.054981053
9.479045,12.23317,0.04278767
9.786354,12.296046,0.03605008
9.182421,12.469425,0.055377662
9.48973,12.532302,0.056992948
9.193106,12.768558,0.0633955
9.311076,11.942873,0.042960286
9.450417,11.715453,0.0349285
9.618385,12.00575,0.030277967
9.354761,13.139658,0.07364738
9.813039,13.274503,0.09122801
10.2713175,13.409348,0.11000222
9.374421,13.588827,0.07392031
9.8327,13.723672,0.09776294
9.394081,14.037996,0.078407764
10.378162,14.221188,0.12841487
9.886122,14.129592,0.11496323
10.324739,13.815268,0.114258826
9.948009,12.667147,0.06419647
10.109663,13.038247,0.093419075
9.651384,12.903402,0.07475436
9.5763645,10.673987,0.036362827
9.478393,10.924377,0.0388754
9.380421,11.1747675,0.038023293
9.3092985,10.67314,0.032027423
9.211327,10.923529,0.03511256
9.0422325,10.672291,0.026828468
8.588423,9.941155,0.0016399026
8.896948,9.817935,0.003989935
8.753512,10.143511,0.009359837
9.062037,10.02029,0.013450503
8.918602,10.345867,0.017794847
9.452734,10.347563,0.029793143
9.185668,10.346715,0.022715747
9.329103,10.021138,0.021748245
8.5303545,9.630516,0.012863576
21.155928,18.874897,0.13607699
20.834253,18.847692,0.14388472
20.512577,18.820486,0.15816623
21.093222,18.554785,0.14374527
20.771547,18.527578,0.15238553
21.415045,18.74207,0.13656563
20.045763,18.710455,0.17723018
19.837915,18.307516,0.18281251
19.63007,17.90458,0.18699384
20.304731,18.417547,0.17217761
20.096886,18.01461,0.18330753
20.5637,18.124641,0.16983992
19.605433,18.762205,0.17952281
19.165102,18.813957,0.17528564
19.397585,18.359268,0.18147534
18.53969,18.823967,0.16766822
18.14676,18.379286,0.1975922
17.753832,17.934607,0.22584724
18.772173,18.369278,0.18421155
18.379244,17.924597,0.22172093
19.004656,17.914587,0.19153589
18.06188,19.00435,0.14748263
17.58407,19.184736,0.14312208
17.668951,18.559671,0.17499423
17.150995,18.930273,0.15426439
16.717922,18.67581,0.16262078
17.235876,18.305208,0.17364347
15.987827,17.462172,0.22922629
16.576496,17.61965,0.2204107
17.165163,17.777128,0.20662731
16.05854,17.990252,0.21409446
16.64721,18.14773,0.18155634
16.129253,18.518332,0.18034714
15.631876,18.34034,0.20229787
15.134499,18.16235,0.22041243
15.561163,17.81226,0.22270012
14.992354,17.707493,0.21831858
14.85021,17.252636,0.18729472
15.419019,17.357403,0.21037596
14.182165,16.650988,0.18137729
13.700353,16.492554,0.18333161
13.21854,16.334122,0.18627226
14.08293,16.154108,0.21541119
13.601117,15.995675,0.20776594
13.983694,15.657229,0.1989932
13.180627,15.44868,0.17324227
13.582161,15.552955,0.183994
13.199583,15.8914,0.19596976
15.2677555,16.146843,0.2577139
14.938971,16.480518,0.21968329
14.610186,16.814192,0.17868334
14.839735,15.983639,0.2480098
14.51095,16.317314,0.21814924
14.411715,15.820435,0.22907668
15.50778,16.585287,0.2343173
15.747804,17.02373,0.22934914
15.178995,16.91896,0.19495583
10.880597,14.438494,0.12673897
11.329609,14.249881,0.120530486
11.778622,14.061268,0.11415446
11.191443,14.8720455,0.14250189
11.640456,14.683433,0.14460963
11.502291,15.305597,0.16107798
10.827174,14.032575,0.11560637
10.773752,13.626655,0.11988914
11.276187,13.843961,0.11609858
12.445602,14.916692,0.15659708
11.973947,15.111145,0.16487563
12.112112,14.48898,0.13582963
13.005137,14.961228,0.1492846
12.671646,14.533516,0.14130247
12.338156,14.1058035,0.12343866
13.231181,14.5780525,0.15169042
12.89769,14.15034,0.13917273
13.457225,14.194877,0.17620939
13.406671,15.065504,0.15286535
13.632714,14.682328,0.16369808
13.808205,15.169779,0.16109419
9.822463,10.897145,0.047400713
10.068562,11.120302,0.052258313
10.31466,11.34346,0.056649923
9.724491,11.147534,0.041302145
9.97059,11.370692,0.039028645
9.626519,11.397924,0.03598219
9.794488,11.688221,0.026326418
10.138558,11.660989,0.035265684
9.962456,11.978518,0.022401929
10.245335,12.356092,0.056329608
10.421436,12.038563,0.050762415
10.597539,11.721034,0.061128438
10.704315,12.416138,0.09055418
10.880418,12.098608,0.07784778
11.163296,12.476183,0.11775446
10.568644,13.098292,0.11897594
10.406989,12.727192,0.094537735
10.86597,12.787238,0.11814237
11.071078,13.315599,0.13053632
11.368404,13.004544,0.14712358
11.573513,13.532906,0.13241327
9.859112,10.497731,0.048355043
9.735481,10.171307,0.04153794
9.611851,9.844882,0.029923022
10.14186,10.321475,0.060566485
10.0182295,9.99505,0.055016875
10.424607,10.145219,0.0737766
10.10521,10.720888,0.0596627
10.387959,10.544632,0.069750726
10.35131,10.944046,0.06598592
10.411101,9.698696,0.06134802
10.004723,9.548529,0.035070956
9.598344,9.39836,0.013896704
10.397594,9.252174,0.043789744
9.991216,9.102006,0.019375741
9.526221,8.93175,0.0015078783
20.935188,17.769142,0.16249752
20.468372,17.659111,0.17244226
20.001558,17.54908,0.18255448
20.83986,17.303612,0.16265011
20.373045,17.19358,0.17398137
21.245337,17.5545,0.16379097
19.426823,17.366978,0.19488716
19.223576,16.829378,0.20770264
19.02033,16.291779,0.20941019
19.798311,17.01148,0.18997121
19.595064,16.473879,0.20246297
20.169798,16.655981,0.19035053
18.80141,17.376987,0.21767217
18.175997,17.386997,0.2643795
18.598164,16.839388,0.24437743
18.349388,16.114517,0.23696947
17.927221,16.662127,0.27989483
17.505056,17.209736,0.27660775
17.678446,15.937256,0.25327116
17.256279,16.484865,0.2724806
17.007504,15.759995,0.2683162
16.327719,16.89478,0.25786525
16.667612,16.327387,0.26535594
16.916388,17.052258,0.27872014
15.8476715,16.017895,0.27311766
16.427588,15.888945,0.27088714
16.087696,16.456337,0.26312828
15.272079,15.576836,0.25805897
15.276403,15.006827,0.24078542
15.280727,14.436819,0.22295612
15.851995,15.4478855,0.2796728
15.856319,14.877877,0.2749374
16.431911,15.318936,0.28972512
14.844059,15.4136305,0.23038864
14.4160385,15.250426,0.19394493
14.848383,14.843622,0.21005064
14.240549,14.762975,0.18086916
14.065059,14.275524,0.21295214
14.672894,14.356172,0.20742285
14.281198,13.103494,0.2643975
14.614374,13.5479355,0.24627614
14.947551,13.992377,0.21174294
14.00654,13.467288,0.24848735
14.339717,13.91173,0.22870302
13.731882,13.831082,0.21450573
11.724487,12.474896,0.15506291
12.285679,12.473611,0.1686446
12.84687,12.472325,0.16805702
11.929596,13.003259,0.16320962
12.4907875,13.001972,0.17109716
12.134705,13.53162,0.13798219
13.253774,13.620693,0.17857307
12.694239,13.576157,0.14906955
13.050322,13.046509,0.18316841
13.803088,12.893105,0.23614359
13.528431,13.256899,0.2161845
13.32498,12.682714,0.19370943
10.761405,11.243695,0.072428286
10.798054,10.844281,0.078993976
10.8347025,10.444868,0.088944435
11.208149,11.14393,0.09395796
11.244798,10.744517,0.101548195
11.654893,11.044167,0.121114075
11.044283,11.621269,0.08664161
11.491027,11.521505,0.121230006
11.327162,11.998844,0.11135703
11.888353,11.997558,0.154872
12.052218,11.520219,0.15076733
12.449545,11.996272,0.16093373
10.879985,9.926911,0.09726077
10.866478,9.480389,0.08258438
10.852971,9.033866,0.06676102
11.3353615,9.708603,0.115077436
11.321856,9.262081,0.106711686
11.790739,9.490295,0.13351142
11.29008,10.226561,0.11643267
11.745457,10.008252,0.12483621
11.700175,10.52621,0.12596238
11.772308,8.957824,0.12866348
11.303425,8.7296095,0.080628514
10.83454,8.501395,0.03947085
11.753878,8.425353,0.09467101
11.284994,8.197139,0.04886931
10.759564,8.004816,0.015482724
20.498474,15.700367,0.22810757
20.621504,16.269224,0.20605916
19.92374,15.518266,0.23689711
20.04677,16.087124,0.21021837
19.472034,15.905022,0.21208566
21.001379,15.979633,0.23054618
14.248992,11.91245,0.1757142
14.2597275,12.309464,0.1991595
14.270462,12.706479,0.24170715
13.781618,12.099075,0.17705601
13.792354,12.49609,0.20770538
13.314244,12.2857,0.17334104
19.82228,14.882115,0.266446
19.370575,15.268872,0.23129529
18.918869,15.655628,0.21782058
19.269115,14.632722,0.2514981
18.81741,15.019478,0.23667526
18.71595,14.3833275,0.2588706
18.247929,15.478367,0.26309675
17.576986,15.3011055,0.29238403
18.14647,14.8422165,0.29200965
18.13811,14.094978,0.28093284
17.568626,14.553867,0.3046453
16.999146,15.012756,0.30824512
17.560268,13.806628,0.29482555
16.990786,14.265517,0.31287897
16.982426,13.518278,0.29772162
15.84796,14.130638,0.23375058
16.415194,13.824458,0.26776338
16.423553,14.571697,0.2855234
15.563812,12.594833,0.2228148
16.036684,12.902649,0.2550394
16.509556,13.210464,0.27196807
15.469451,13.208829,0.2678302
15.942323,13.516644,0.24734408
15.37509,13.822824,0.223943
14.708735,12.93394,0.27108657
15.136274,12.764387,0.25590283
15.041913,13.378382,0.26085413
14.698001,12.536925,0.22752494
14.687265,12.139911,0.17868513
15.125539,12.3673725,0.20068783
12.217806,10.868284,0.13739562
12.263087,10.3503275,0.13644975
12.30837,9.83237,0.1417396
12.780718,10.692402,0.1422131
12.826,10.174445,0.14437383
13.343631,10.5165205,0.16287494
12.615131,11.344337,0.14704591
13.178044,11.168455,0.15346462
13.012457,11.82039,0.15191561
13.947205,11.44714,0.1910966
13.479831,11.633765,0.1662485
13.645418,10.98183,0.18522161
12.22422,8.107698,0.11835688
12.712994,8.322516,0.16676146
13.201767,8.5373335,0.17344779
12.242651,8.64017,0.14208984
12.731424,8.854987,0.1582619
12.261082,9.172641,0.15414381
12.778712,9.514716,0.15397668
13.249055,9.1970625,0.15794826
13.296343,9.8567915,0.15757531
13.170812,7.967631,0.1748671
12.682037,7.7528133,0.1340099
12.193264,7.5379963,0.071370006
13.139855,7.397928,0.12112671
12.651082,7.183111,0.07700312
12.164374,6.9793086,0.03649652
19.189304,14.003937,0.2733973
19.662659,13.624546,0.30053875
19.74247,14.253331,0.2977991
20.215824,13.8739395,0.3237742
20.295635,14.502725,0.29161513
20.754383,14.146024,0.30970028
14.566586,11.573247,0.18349189
14.264799,11.107938,0.20755464
13.963012,10.642628,0.19664729
14.88418,11.234045,0.20285839
14.582393,10.768735,0.21166027
15.201774,10.894842,0.21773976
15.004859,11.800709,0.16502994
15.3224535,11.461506,0.18490869
15.443132,12.02817,0.1656397
19.58595,12.979759,0.289075
19.112598,13.35915,0.2565447
18.639244,13.738541,0.26465333
19.03589,12.714363,0.26694354
18.562536,13.093754,0.2632813
18.48583,12.448967,0.27893227
17.48356,13.161841,0.28544164
17.984695,12.805404,0.2810737
18.061401,13.4501915,0.2809055
17.949434,12.184073,0.27140474
17.448301,12.54051,0.26715314
16.947166,12.896948,0.2774552
17.41304,11.919179,0.2497282
16.911907,12.275617,0.24052513
16.876646,11.654285,0.22158861
16.001423,12.281318,0.17864513
16.439035,11.967801,0.18491417
16.474295,12.589132,0.23474574
15.880744,11.714654,0.1649155
15.760064,11.14799,0.20867163
16.318356,11.401137,0.1986615
13.820582,8.733366,0.15101486
14.439398,8.929399,0.1834234
15.058212,9.125431,0.21883476
13.86787,9.393095,0.16235709
14.486686,9.589128,0.19384873
13.915158,10.052824,0.17802441
15.15392,10.305038,0.21056002
14.534539,10.178931,0.20085448
15.106067,9.715235,0.21168935
14.392287,7.4143662,0.10781813
13.995447,7.7886887,0.12054092
13.598607,8.163011,0.15917516
13.964491,7.218986,0.08679718
13.567651,7.5933084,0.12532043
13.5366955,7.023606,0.077727556
14.614263,7.984721,0.14835042
14.836238,8.555077,0.19301897
14.2174225,8.359043,0.1519767
13.511635,6.492283,0.056425035
13.9143715,6.15634,0.07298958
13.939431,6.687663,0.067460716
14.342168,6.3517203,0.095072806
14.367228,6.8830433,0.07909411
13.542026,5.960127,0.052463174
18.962,12.074099,0.30684957
19.438171,11.69923,0.3136623
19.512062,12.339495,0.3096631
19.988234,11.964626,0.32827446
20.062122,12.604891,0.31975666
20.54106,12.230293,0.32185346
16.683226,9.948105,0.19664437
16.7477,10.516832,0.21153194
16.812172,11.085559,0.22195816
16.189407,10.263684,0.18683648
16.253881,10.832411,0.21463215
15.695591,10.579263,0.20433897
15.6477375,9.989459,0.18788284
15.599884,9.399655,0.20102292
16.141554,9.673881,0.18167257
19.37276,11.072372,0.29224703
18.89659,11.447241,0.29846266
18.420418,11.822109,0.29074883
18.831179,10.820383,0.28094342
18.355007,11.195251,0.29678035
18.289597,10.568393,0.26492113
17.34763,11.292321,0.24951625
17.818613,10.930357,0.28114748
17.884024,11.557215,0.27825886
17.218683,10.154868,0.2149741
17.75414,10.36163,0.23763347
17.283155,10.723595,0.23676986
16.505432,8.588375,0.18641573
16.564697,9.041618,0.19433582
16.62396,9.494862,0.19480234
16.023026,8.767394,0.19471025
16.08229,9.220637,0.1933971
15.540619,8.946412,0.2105971
15.761372,7.538143,0.13285697
15.526985,8.067239,0.17348492
15.292599,8.596335,0.20270109
15.305011,7.4968843,0.1321348
15.070624,8.02598,0.16410369
14.848649,7.4556255,0.12409347
16.257412,8.238298,0.18039906
15.775005,8.417316,0.18929356
16.009392,7.888221,0.16497737
15.494682,6.3079267,0.15417117
15.127217,6.6767397,0.11697465
14.759752,7.045553,0.09368324
15.102158,6.1454167,0.1637317
14.734693,6.5142303,0.11522472
14.709633,5.9829073,0.13812071
15.672476,7.128071,0.09275019
15.216114,7.086812,0.09976536
15.583579,6.717999,0.11277735
15.458166,5.898481,0.16227895
15.065641,5.735971,0.14642525
14.673116,5.5734615,0.10675895
15.42165,5.489035,0.12930459
15.029124,5.326525,0.112160265
14.742238,5.136812,0.080430984
18.758755,10.188165,0.24497339
19.227913,9.807938,0.25587794
19.300337,10.440155,0.27348417
19.769495,10.059927,0.2912394
19.841919,10.692144,0.2927523
20.321531,10.312527,0.3191703
19.130726,9.1765585,0.2470572
18.66157,9.556787,0.23430836
18.192411,9.937015,0.22366145
18.564383,8.925408,0.23566112
18.095226,9.305636,0.23482648
17.99804,8.674258,0.21618447
17.121496,9.523489,0.20624602
17.559769,9.098874,0.22229785
17.656954,9.730252,0.21478748
17.002968,8.6170025,0.18457544
17.500504,8.64563,0.1989814
17.062233,9.070246,0.2009896
17.048016,7.6490703,0.1583432
17.36469,7.9907994,0.16309908
17.681364,8.332529,0.18228039
16.867155,7.962172,0.16449016
17.183828,8.303901,0.17362404
16.686293,8.275273,0.17566127
16.438272,7.925196,0.16565663
16.190252,7.575119,0.14087212
16.619135,7.6120944,0.1515882
15.937877,6.3756,0.1483193
16.38107,6.4432735,0.14392656
16.824263,6.510947,0.14016414
16.026773,6.785672,0.101321876
16.469967,6.853346,0.114213824
16.11567,7.1957445,0.10235649
16.97343,7.2696958,0.14894998
16.54455,7.2327204,0.12860441
16.898848,6.8903213,0.13850373
16.287933,5.484116,0.1281246
16.023516,5.7587194,0.15939611
15.7591,6.033323,0.1690166
15.987,5.3492737,0.12589115
15.722583,5.6238775,0.14708751
15.686067,5.214432,0.11105043
16.46671,5.826393,0.14647615
16.645487,6.16867,0.14800894
16.202293,6.1009965,0.16422361
16.258272,5.1555996,0.103153944
15.957338,5.0207577,0.10473883
15.656405,4.8859153,0.09044945
16.228611,4.8270836,0.08869606
15.927677,4.692241,0.091766
15.707241,4.5359063,0.08042818
19.656572,8.829868,0.26299143
19.090229,8.578717,0.22542259
18.523886,8.327567,0.19986269
19.616074,8.232027,0.21665451
19.04973,7.9808764,0.20414525
20.123144,8.43871,0.24491432
18.18736,6.9039664,0.1747886
18.650099,7.1473727,0.18521509
19.112839,7.390779,0.19894204
18.124252,7.4940634,0.1679425
18.586992,7.73747,0.18302742
18.061146,8.084161,0.17093018
17.427797,7.4007025,0.15868628
17.807579,7.152334,0.16286156
17.744473,7.7424316,0.15913373
17.353212,7.021328,0.15410912
17.27863,6.6419535,0.15297613
17.732994,6.7729597,0.16433012
17.736452,5.937874,0.15459955
17.886755,6.259905,0.16779986
18.037058,6.5819354,0.17381087
17.432388,6.128898,0.14932346
17.582691,6.450929,0.16065514
17.128326,6.3199224,0.1434381
17.131416,5.458971,0.101977706
17.029032,5.80963,0.12430966
16.926647,6.1602883,0.13691908
16.850254,5.467353,0.10304117
16.747871,5.8180113,0.13112861
16.569094,5.475734,0.114896536
17.534773,5.7782397,0.13935328
17.230711,5.969264,0.13476151
17.333094,5.618605,0.12055063
16.8937,4.7359443,0.08180517
16.691776,4.985335,0.07789445
16.489855,5.2347255,0.09821576
16.662115,4.6568184,0.08690703
16.460194,4.906209,0.08319849
16.430532,4.577693,0.08784211
17.052177,5.2179623,0.083663404
16.771015,5.2263436,0.08447707
16.972939,4.976953,0.073542
16.862455,4.5021906,0.102981865
16.630873,4.423065,0.10301942
16.39929,4.3439393,0.10141343
16.831213,4.2684374,0.12442303
16.59963,4.1893115,0.11434013
16.434433,4.078442,0.11315912
19.51978,6.6808,0.23355308
19.547678,7.1574926,0.21946588
19.057041,6.4373937,0.21817914
19.08494,6.9140863,0.20086384
18.6222,6.67068,0.19397643
19.968695,6.7895665,0.2513447
18.596548,5.69798,0.18971261
18.89499,5.866689,0.21430498
19.193436,6.035398,0.2320005
18.460152,6.0999756,0.1964005
18.758596,6.2686844,0.21034431
18.323755,6.501971,0.1859873
18.02315,5.857909,0.16076928
18.309849,5.7779446,0.17520747
18.173452,6.17994,0.17885244
17.950888,5.197413,0.107863665
18.166107,5.3642683,0.13561913
18.381329,5.531124,0.16435704
17.87941,5.444233,0.12657642
18.09463,5.6110888,0.15280163
17.80793,5.6910534,0.14174548
17.606253,5.5314193,0.12573344
17.404573,5.371785,0.10530311
17.67773,5.284599,0.104545414
17.471249,4.7794833,0.0863027
17.357971,5.005979,0.079090595
17.244694,5.2324753,0.08486438
17.278732,4.7649703,0.083375275
17.165455,4.991466,0.07652104
17.086216,4.7504573,0.081356406
17.631128,4.918793,0.089506686
17.791008,5.058103,0.09115851
17.51785,5.145289,0.08622658
17.351923,4.2259502,0.1317032
17.199183,4.3959484,0.117560565
17.04644,4.565946,0.09936285
17.167938,4.1621947,0.14304662
17.015198,4.332193,0.12584507
16.983955,4.098439,0.14543515
17.431473,4.594972,0.100800335
17.238956,4.580459,0.099056125
17.391699,4.4104614,0.11493677
17.256845,3.8923662,0.13834411
17.304384,4.0591583,0.1466949
17.072863,3.828611,0.13694096
17.120401,3.9954028,0.14375573
16.936417,3.9316473,0.13791871
16.954882,3.7265782,0.12771732
18.871696,5.4919605,0.19046146
19.146847,5.285941,0.18390349
19.170141,5.66067,0.21593386
19.445292,5.4546504,0.20834711
19.468586,5.8293786,0.23719004
19.813742,5.5006332,0.22070009
18.642685,4.758744,0.13495022
18.902454,4.8658032,0.15254983
19.162226,4.9728627,0.15747458
18.627306,5.0718226,0.14033881
18.887075,5.1788816,0.16233072
18.611927,5.384901,0.16713646
18.181486,5.05119,0.117126584
18.412086,4.904967,0.11792737
18.396708,5.218045,0.13808408
17.66013,4.6430664,0.09907651
17.620354,4.458555,0.11110079
17.58058,4.2740445,0.1250459
17.84901,4.5066495,0.11051822
17.809235,4.322139,0.1197772
18.037891,4.3702326,0.11993033
18.441086,4.62924,0.12683558
18.210487,4.775463,0.10965878
17.979889,4.921686,0.099137545
18.239489,4.4997363,0.121788025
18.00889,4.6459594,0.10638702
17.82001,4.7823763,0.09612948
17.370321,3.728873,0.13051051
17.531334,3.7321715,0.12937868
17.41786,3.895665,0.13805586
17.578873,3.8989637,0.13663816
17.465397,4.062457,0.14436674
17.694054,4.110551,0.13325644
17.807528,3.9470577,0.1340099
17.922709,4.158645,0.12626624
17.416197,3.5577784,0.11937469
19.286812,4.60135,0.1523597
19.354404,4.840636,0.15670204
19.027042,4.4942904,0.14598775
19.094633,4.7335763,0.15282232
18.834864,4.6265173,0.14514107
19.566044,4.582934,0.15373987
19.053751,4.2491107,0.13862437
18.861572,4.3813376,0.14222944
18.669394,4.513564,0.13858402
18.888283,4.136158,0.13383538
18.696104,4.2683845,0.1348815
18.467796,4.3840604,0.13252091
18.2662,4.2545567,0.12574315
18.494507,4.1388807,0.13198173
18.16873,3.9350014,0.13133538
18.10331,4.152617,0.12732714
18.053547,3.723414,0.12746215
17.988129,3.9410295,0.13288534
17.872948,3.7294421,0.12575942
18.397038,3.8193254,0.13011664
18.559925,3.9212651,0.13311368
18.331617,4.036941,0.13042182
17.96623,3.5358236,0.12235254
19.131296,4.0261364,0.13006294
18.561043,3.6822255,0.1328044
